"header","class","mechanism","group","hessSRR094424","shiSRR873453","stewartERR2027897","stewartERR2027900","stewartERR2027917","hessSRR094417","stewartERR2027930","wallaceERR983267","shiSRR873460","shiSRR873452","stewartERR2027891","wallaceERR983263","shiSRR873606","stewartERR2027921","stewartERR2027890","stewartERR2027903","stewartERR2027904","wallaceERR2027890","shiSRR873603","stewartERR2027895","hessSRR094427","wallaceERR2282092","stewartERR2027928","shiSRR873601","hessSRR094416","wallaceERR983268","stewartERR2027914","stewartERR2027905","wallaceERR983265","shiSRR873461","shiSRR873450","stewartERR2027924","shiSRR873457","stewartERR2027919","stewartERR2027925","stewartERR2027910","shiSRR1267595","stewartERR2027927","shiSRR873463","stewartERR2027894","stewartERR2027899","stewartERR2027920","wallaceERR983264","shiSRR873455","wallaceERR2530126","stewartERR2027915","shiSRR873458","stewartERR2027916","stewartERR2027907","shiSRR873456","stewartERR2027901","hessSRR094403","stewartERR2027913","hessSRR094418","shiSRR873598","shiSRR873465","shiSRR873607","shiSRR873600","hessSRR094428","wallaceERR983269","shiSRR873602","stewartERR2027926","stewartERR2027923","shiSRR873464","shiSRR873608","stewartERR2027908","stewartERR2027893","shiSRR1222431","hessSRR094166","stewartERR2027898","stewartERR2027902","shiSRR873605","stewartERR2027909","stewartERR2027929","shiSRR873454","wallaceERR2530127","wallaceERR983266","shiSRR873595","shiSRR873610","hessSRR094405","wallaceERR983262","wallaceERR2027889","stewartERR2027892","stewartERR2027912","stewartERR2027906","shiSRR873451","hessSRR094419","shiSRR873609","shiSRR873596","stewartERR2027896","stewartERR2027922","stewartERR2027918","stewartERR2027889","shiSRR873462","shiSRR873459","shiSRR873599","stewartERR2027911","hessSRR094415","shiSRR873604","shiSRR873597"
"MEG_1003|Drugs|Aminoglycosides|Aminoglycoside_O-nucleotidyltransferases|ANT9","Aminoglycosides","Aminoglycoside O-nucleotidyltransferases","ANT9",288,0,0,22,0,0,0,0,0,0,0,0,0,28,0,0,0,0,0,0,81,0,0,0,0,0,0,0,0,0,0,0,0,0,0,0,0,0,0,17,0,0,129,0,0,27,0,18,0,0,0,0,0,0,0,0,0,0,209,0,0,0,0,0,0,0,0,0,0,0,0,0,0,0,0,0,0,0,0,0,16,0,18,0,0,0,90,0,0,0,0,0,0,0,0,0,0,10,0,333
"MEG_1004|Drugs|Aminoglycosides|Aminoglycoside_O-nucleotidyltransferases|ANT9","Aminoglycosides","Aminoglycoside O-nucleotidyltransferases","ANT9",0,0,0,0,0,0,0,0,0,0,0,0,0,0,0,0,0,0,0,0,0,0,0,0,0,0,0,0,0,0,0,0,0,0,0,0,0,0,0,0,0,0,0,0,0,0,0,0,0,0,0,0,0,0,0,0,0,0,0,0,0,0,0,0,0,0,0,0,0,0,0,0,0,0,0,0,0,0,0,0,0,0,0,0,0,0,0,0,0,0,0,0,0,0,0,0,22,0,0,0
"MEG_1006|Drugs|Aminoglycosides|Aminoglycoside_O-nucleotidyltransferases|ANT9","Aminoglycosides","Aminoglycoside O-nucleotidyltransferases","ANT9",0,0,0,0,0,0,0,0,0,0,0,0,0,0,0,0,0,0,0,0,0,0,0,0,0,0,0,0,0,0,0,0,0,0,0,0,0,0,0,0,0,0,0,0,0,0,0,0,0,0,0,0,0,0,0,0,0,0,0,0,0,0,0,0,0,0,0,0,0,0,0,0,0,0,0,0,0,0,0,0,0,0,0,0,0,0,0,0,0,0,0,0,0,0,0,0,0,0,0,2280
"MEG_1009|Drugs|Aminoglycosides|Aminoglycoside_O-phosphotransferases|APH2-DPRIME","Aminoglycosides","Aminoglycoside O-phosphotransferases","APH2-DPRIME",0,0,0,0,0,0,0,0,0,0,0,0,52,25,0,0,0,0,0,0,0,0,23,0,0,0,27,0,0,0,0,0,0,30,0,0,0,0,0,0,0,0,0,0,0,0,0,33,0,0,0,0,67,0,0,0,0,854,0,0,0,0,0,0,0,0,0,0,0,0,0,0,0,0,0,0,0,0,0,0,0,40,0,0,0,0,0,0,0,0,0,0,40,0,0,0,0,0,0,1418
"MEG_1010|Drugs|Aminoglycosides|Aminoglycoside_O-phosphotransferases|APH2-DPRIME","Aminoglycosides","Aminoglycoside O-phosphotransferases","APH2-DPRIME",0,0,0,0,0,0,0,0,0,0,0,0,0,0,0,0,0,0,0,0,0,0,0,0,0,0,0,0,0,0,0,0,0,0,0,0,0,0,0,0,0,0,0,0,0,0,0,0,0,0,0,0,0,0,0,0,0,0,0,0,0,0,0,0,0,0,0,0,0,0,0,0,0,0,0,0,0,0,0,0,0,0,0,0,0,0,0,0,0,0,0,0,0,0,0,0,0,0,0,2021
"MEG_1014|Drugs|Aminoglycosides|Aminoglycoside_O-phosphotransferases|APH2-DPRIME","Aminoglycosides","Aminoglycoside O-phosphotransferases","APH2-DPRIME",0,0,0,0,0,0,0,0,0,0,0,0,0,34,0,0,0,0,0,0,0,0,21,0,0,0,58,10,0,0,0,0,0,34,0,32,0,28,0,0,0,0,0,0,0,0,0,50,0,0,0,0,103,0,0,0,0,677,0,0,0,13,0,0,0,0,0,0,0,0,0,0,0,0,0,0,0,0,0,0,0,24,25,29,0,0,0,0,0,0,0,0,24,0,0,0,0,0,0,1160
"MEG_1016|Drugs|Aminoglycosides|Aminoglycoside_O-phosphotransferases|APH2-DPRIME","Aminoglycosides","Aminoglycoside O-phosphotransferases","APH2-DPRIME",0,0,0,16,0,0,0,0,0,0,0,0,0,0,0,0,16,0,0,0,0,0,0,0,0,0,0,0,13,0,0,0,0,0,0,0,0,0,0,0,114,0,0,0,0,0,0,0,45,0,0,0,0,0,0,0,0,0,0,0,0,0,0,0,0,0,0,0,0,65,0,0,0,0,0,0,0,0,0,0,117,0,0,0,74,0,0,0,0,0,0,0,0,0,0,0,0,0,0,155
"MEG_1038|Drugs|Aminoglycosides|Aminoglycoside_O-phosphotransferases|APH3-DPRIME","Aminoglycosides","Aminoglycoside O-phosphotransferases","APH3-DPRIME",0,0,0,0,0,0,0,0,0,0,0,0,0,0,0,0,0,0,0,0,0,0,0,0,0,0,0,0,13,0,0,0,0,0,0,0,0,0,0,0,29,0,0,0,0,0,0,0,20,0,0,0,0,0,0,0,0,0,0,0,0,0,0,0,0,0,0,0,0,23,0,0,0,0,0,0,0,0,0,0,94,0,0,0,0,0,0,0,0,0,0,0,0,0,0,0,0,0,0,0
"MEG_1039|Drugs|Aminoglycosides|Aminoglycoside_O-phosphotransferases|APH3-DPRIME","Aminoglycosides","Aminoglycoside O-phosphotransferases","APH3-DPRIME",0,0,0,0,0,0,0,0,0,0,0,0,0,0,0,0,15,0,0,0,0,0,0,0,0,0,0,0,19,0,0,0,0,0,0,0,0,0,0,0,80,0,0,0,0,0,0,0,30,0,0,0,0,0,0,0,0,0,0,0,0,0,0,0,0,0,0,0,0,57,0,0,0,0,0,0,0,0,0,0,119,0,0,0,49,0,0,0,0,0,0,0,0,0,0,0,0,0,0,161
"MEG_1040|Drugs|Aminoglycosides|Aminoglycoside_O-phosphotransferases|APH3-DPRIME","Aminoglycosides","Aminoglycoside O-phosphotransferases","APH3-DPRIME",0,0,0,16,0,0,0,0,0,0,0,0,0,0,0,0,0,0,0,0,0,0,0,0,0,0,0,0,16,0,0,0,0,0,0,0,0,0,0,0,65,0,0,0,0,0,0,0,36,0,0,0,0,0,0,0,0,0,0,0,0,0,0,0,0,0,0,0,0,34,0,0,0,0,0,0,0,0,0,0,110,0,0,0,44,0,0,0,0,0,0,0,0,0,0,0,0,0,0,181
"MEG_1121|Multi-compound|Drug_and_biocide_resistance|Drug_and_biocide_RND_efflux_pumps|ARMR","Drug and biocide resistance","Drug and biocide RND efflux pumps","ARMR",0,0,0,0,0,0,0,0,0,0,0,0,0,0,0,0,0,0,0,0,0,0,0,0,0,0,0,0,0,0,0,0,0,0,0,0,0,0,0,0,0,0,0,0,0,0,0,0,0,0,0,0,0,0,0,0,0,0,0,0,0,0,0,0,0,0,0,0,0,0,0,0,0,0,0,0,0,0,0,0,0,0,0,0,0,0,0,10,0,0,0,0,0,0,0,0,0,0,0,0
"MEG_1173|Metals|Arsenic_resistance|Arsenic_resistance_regulator|ARSR","Arsenic resistance","Arsenic resistance regulator","ARSR",0,0,0,0,0,0,0,0,0,0,0,0,0,0,0,0,0,0,0,0,0,0,0,0,0,0,0,0,0,0,0,0,0,0,0,0,0,0,0,0,0,0,0,0,0,0,0,0,0,0,0,0,0,0,0,0,0,30,0,0,0,0,0,0,0,0,0,0,0,0,0,0,0,0,0,0,0,0,0,0,0,0,0,0,0,0,0,0,0,0,0,0,0,0,0,0,0,0,0,0
"MEG_1174|Metals|Multi-metal_resistance|Multi-metal_resistance_protein|ARSRM","Multi-metal resistance","Multi-metal resistance protein","ARSRM",0,0,0,0,0,0,0,0,0,0,0,0,0,0,0,0,0,0,0,0,0,0,0,0,0,0,0,0,0,0,0,0,0,0,0,0,0,0,0,0,0,0,0,0,0,0,0,0,0,0,0,0,0,0,0,0,0,0,0,0,0,0,0,0,0,0,0,0,0,0,0,0,0,0,0,0,0,26,0,0,0,0,0,0,0,0,0,0,0,0,0,0,0,0,0,0,0,0,0,0
"MEG_1192|Multi-compound|Drug_and_biocide_and_metal_resistance|Drug_and_biocide_and_metal_RND_efflux_regulator|BAER","Drug and biocide and metal resistance","Drug and biocide and metal RND efflux regulator","BAER",0,0,0,0,0,0,0,0,0,0,0,0,0,0,0,0,0,0,0,0,0,0,0,0,0,0,0,0,0,0,0,0,0,0,0,0,0,0,0,0,0,0,0,0,0,0,0,0,0,0,0,0,0,0,0,0,0,61,0,0,0,0,0,0,0,0,0,0,0,0,0,0,0,0,0,0,0,0,0,0,0,0,0,0,0,0,0,0,0,0,0,0,0,0,0,0,0,0,0,0
"MEG_1288|Drugs|betalactams|Penicillin_binding_protein_regulator|BLAI","betalactams","Penicillin binding protein regulator","BLAI",0,0,0,0,0,0,0,0,0,0,0,0,0,0,0,0,0,0,0,0,0,0,10,0,0,0,0,0,0,0,0,0,0,0,0,0,0,0,0,0,0,0,0,0,0,0,0,0,0,0,0,0,0,0,0,0,0,0,0,0,0,0,0,0,0,0,0,0,0,0,0,0,0,0,0,0,0,0,0,0,0,0,0,0,0,0,0,0,0,0,0,0,0,0,0,0,0,0,0,0
"MEG_1289|Drugs|betalactams|Penicillin_binding_protein_regulator|BLAI","betalactams","Penicillin binding protein regulator","BLAI",0,0,0,0,0,0,0,0,0,0,0,0,0,0,0,0,0,0,0,0,0,0,7,0,0,0,0,0,0,0,0,0,0,0,0,0,0,0,0,0,0,0,0,0,0,0,0,0,0,0,0,0,0,0,0,0,0,0,0,0,0,0,0,0,0,0,0,0,0,0,0,0,0,0,0,0,0,0,0,0,0,0,0,0,0,0,0,0,0,0,0,0,0,0,0,0,0,0,0,0
"MEG_1293|Drugs|betalactams|Class_A_betalactamases|BLAP","betalactams","Class A betalactamases","BLAP",0,0,0,0,0,0,0,0,0,0,0,0,0,0,0,0,0,0,0,0,0,0,16,0,0,0,0,0,0,0,0,0,0,0,0,0,0,0,0,0,0,0,0,0,0,0,0,0,0,0,0,0,0,0,0,0,0,0,0,0,0,0,0,0,0,0,0,0,0,0,0,0,0,0,0,0,0,0,0,0,0,0,0,0,0,0,0,0,0,0,0,0,0,0,0,0,0,0,0,0
"MEG_1486|Metals|Multi-metal_resistance|Multi-metal_resistance_protein|CADD","Multi-metal resistance","Multi-metal resistance protein","CADD",0,0,0,0,0,0,0,0,0,0,0,0,0,0,0,0,0,0,0,0,0,0,0,0,0,0,0,0,0,0,0,0,0,0,0,0,0,0,0,0,0,0,0,0,0,0,0,0,0,0,0,0,0,0,0,0,0,954,0,0,0,0,0,0,0,0,0,0,0,0,0,0,0,0,0,0,0,0,0,0,0,0,0,0,0,0,0,0,0,0,0,0,0,0,0,0,0,0,0,0
"MEG_1488|Metals|Multi-metal_resistance|Multi-metal_resistance_regulator|CADX","Multi-metal resistance","Multi-metal resistance regulator","CADX",0,0,0,0,0,0,0,0,0,0,0,0,0,0,0,0,0,0,0,0,0,0,0,0,0,0,0,0,0,0,0,0,0,0,0,0,0,0,0,0,0,0,0,0,0,0,0,0,0,0,0,0,0,0,0,0,0,0,0,0,0,0,0,0,0,0,0,0,0,0,0,0,0,0,0,0,0,0,0,0,0,0,2,0,0,0,0,0,0,0,0,0,0,0,0,0,0,0,0,0
"MEG_1644|Multi-compound|Drug_and_biocide_resistance|Drug_and_biocide_RND_efflux_pumps|CEOB","Drug and biocide resistance","Drug and biocide RND efflux pumps","CEOB",0,0,0,0,0,0,0,0,0,0,0,0,0,0,0,0,0,0,0,0,0,1506,0,0,0,0,0,0,0,0,0,0,0,0,0,0,0,0,0,0,0,0,0,0,0,0,0,0,0,0,0,0,0,0,0,0,0,0,0,0,0,0,0,0,0,0,0,0,0,0,0,0,0,0,0,0,0,0,0,0,0,0,0,0,0,0,0,0,0,0,0,0,0,0,0,0,0,0,0,0
"MEG_1679|Drugs|MLS|23S_rRNA_methyltransferases|CFR","MLS","23S rRNA methyltransferases","CFR",0,0,0,54,0,0,0,0,0,0,0,0,0,0,0,0,96,0,0,0,0,0,0,0,0,0,0,49,0,0,0,0,0,0,0,0,0,0,0,43,102,0,0,0,0,0,0,0,288,0,0,0,0,0,0,0,0,0,0,0,0,0,0,0,0,0,0,0,0,0,0,0,0,0,0,0,0,0,0,0,96,0,31,0,108,0,0,0,0,0,0,0,0,0,0,0,0,0,0,0
"MEG_1680|Drugs|MLS|23S_rRNA_methyltransferases|CFR","MLS","23S rRNA methyltransferases","CFR",0,0,0,135,0,0,0,0,0,0,0,0,0,0,0,58,404,0,0,0,0,0,0,0,0,0,0,167,0,0,0,0,0,0,0,0,0,0,0,136,272,0,0,0,0,0,0,0,978,0,224,0,0,0,0,0,0,0,0,0,0,0,0,0,0,0,0,0,0,260,0,0,0,0,0,0,0,0,0,0,62,0,123,0,292,0,0,0,0,0,0,0,0,0,0,0,0,0,0,0
"MEG_1686|Drugs|betalactams|Class_A_betalactamases|CFX","betalactams","Class A betalactamases","CFX",0,0,0,0,0,0,0,0,0,0,0,0,0,0,0,0,0,0,0,0,0,0,0,0,0,0,0,0,108,0,0,0,0,0,0,0,0,0,0,22,72,0,0,0,0,0,0,0,68,0,15,0,0,0,0,0,0,0,0,0,0,0,0,0,0,0,0,0,0,120,0,0,0,0,0,0,0,0,0,0,0,0,0,0,41,0,0,0,0,0,0,0,0,0,0,0,0,0,0,0
"MEG_1689|Drugs|betalactams|Class_A_betalactamases|CFX","betalactams","Class A betalactamases","CFX",0,0,0,0,0,0,0,0,0,0,0,0,0,0,0,0,15,0,0,0,0,0,0,0,0,0,0,0,0,0,0,0,0,0,0,0,0,0,0,0,0,0,0,0,0,0,0,0,0,0,0,0,0,0,0,0,0,0,0,0,0,0,0,0,0,0,0,0,0,0,0,0,0,0,0,0,0,0,0,0,0,0,0,0,0,0,0,0,0,0,0,0,0,0,0,0,0,0,0,0
"MEG_1692|Drugs|betalactams|Class_A_betalactamases|CFX","betalactams","Class A betalactamases","CFX",0,0,0,0,0,0,0,0,0,0,0,0,0,0,0,0,0,0,0,0,0,0,0,0,0,0,0,13,0,0,0,0,0,0,0,0,0,0,0,0,0,0,0,0,0,0,0,0,0,0,0,0,0,0,0,0,0,0,0,0,0,0,0,0,0,0,0,0,0,0,0,0,0,0,0,0,0,0,0,0,0,0,0,0,0,0,0,0,0,0,0,0,0,0,0,0,0,0,0,0
"MEG_1693|Drugs|betalactams|Class_A_betalactamases|CFX","betalactams","Class A betalactamases","CFX",0,0,0,0,0,0,0,0,0,0,0,0,0,0,0,0,16,0,0,0,0,0,0,0,0,0,0,18,0,0,0,0,0,0,0,0,0,0,0,0,0,0,0,0,0,0,0,0,0,0,0,0,0,0,0,0,0,0,0,0,0,0,0,0,0,0,0,0,0,0,0,0,0,0,0,0,0,0,0,0,0,0,0,0,0,0,0,0,0,0,0,0,0,0,0,0,0,0,0,0
"MEG_1695|Drugs|betalactams|Class_A_betalactamases|CFX","betalactams","Class A betalactamases","CFX",0,0,0,15,0,0,0,0,0,0,0,0,0,0,0,0,13,0,0,0,0,0,0,0,0,0,0,0,166,0,0,0,0,0,0,0,0,0,0,29,92,0,0,0,0,0,0,0,105,0,0,0,0,0,0,0,0,0,0,0,0,0,0,0,0,0,0,0,0,132,0,0,0,0,0,0,0,0,0,0,0,0,0,0,23,0,0,0,0,0,0,0,0,0,0,0,0,0,0,0
"MEG_1696|Drugs|betalactams|Class_A_betalactamases|CFX","betalactams","Class A betalactamases","CFX",0,0,0,0,0,0,0,0,0,0,0,0,0,0,0,0,19,0,0,0,0,0,0,0,0,0,0,12,0,0,0,0,0,0,0,0,0,0,0,0,0,0,0,0,0,0,0,0,0,0,0,0,0,0,0,0,0,0,0,0,0,0,0,0,0,0,0,0,0,0,0,0,0,0,0,0,0,0,0,0,0,0,0,0,0,0,0,0,0,0,0,0,0,0,0,0,0,0,0,0
"MEG_1698|Drugs|betalactams|Class_A_betalactamases|CFX","betalactams","Class A betalactamases","CFX",0,0,0,0,0,0,0,0,0,0,0,0,0,0,0,0,18,0,0,0,0,0,0,0,0,0,0,0,0,0,0,0,0,0,0,0,0,0,0,0,0,0,0,0,0,0,0,0,0,0,0,0,0,0,0,0,0,0,0,0,0,0,0,0,0,0,0,0,0,0,0,0,0,0,0,0,0,0,0,0,0,0,0,0,0,0,0,0,0,0,0,0,0,0,0,0,0,0,0,0
"MEG_185|Drugs|Aminoglycosides|Aminoglycoside_N-acetyltransferases|AAC6-PRIME","Aminoglycosides","Aminoglycoside N-acetyltransferases","AAC6-PRIME",87,0,0,0,49,0,0,0,0,0,0,0,84,48,0,0,0,0,0,0,0,0,0,0,0,0,61,0,0,0,0,0,0,36,0,0,0,0,0,0,0,0,0,0,0,0,0,55,0,0,0,0,81,0,0,0,0,1212,0,0,0,0,0,0,0,0,0,0,0,0,0,0,0,33,0,0,0,0,112,0,0,19,0,43,0,0,0,101,0,0,0,0,19,0,0,0,0,0,0,2057
"MEG_2023|Metals|Copper_resistance|Copper_resistance_protein|COPA","Copper resistance","Copper resistance protein","COPA",0,0,0,0,0,0,0,0,0,0,0,0,0,0,0,0,0,0,0,0,0,484,0,0,0,0,0,0,0,0,0,0,0,0,0,0,0,0,0,0,0,0,0,0,0,0,0,0,0,0,0,0,0,0,0,0,0,0,0,0,0,0,0,0,0,0,0,0,0,0,0,0,0,0,0,0,0,0,0,0,0,0,0,0,0,0,0,0,0,0,0,0,0,0,0,0,0,0,0,0
"MEG_2038|Metals|Copper_resistance|Copper_resistance_protein|COPB","Copper resistance","Copper resistance protein","COPB",0,0,0,0,0,0,0,0,0,0,0,0,0,0,0,0,0,0,0,0,0,109,0,0,0,0,0,0,0,0,0,0,0,0,0,0,0,0,0,0,0,0,0,0,0,0,0,0,0,0,0,0,0,0,0,0,0,0,0,0,0,0,0,0,0,0,0,0,0,0,0,0,0,0,0,0,0,0,0,0,0,0,0,0,0,0,0,0,0,0,0,0,0,0,0,0,0,0,0,0
"MEG_2058|Metals|Copper_resistance|Copper_resistance_protein|COPG","Copper resistance","Copper resistance protein","COPG",0,0,0,0,0,0,0,0,0,0,0,0,0,0,0,0,0,0,0,0,0,193,0,0,0,0,0,0,0,0,0,0,0,0,0,0,0,0,0,0,0,0,0,0,0,0,0,0,0,0,0,0,0,0,0,0,0,0,0,0,0,0,0,0,0,0,0,0,0,0,0,0,0,0,0,0,0,0,0,0,0,0,0,0,0,0,0,0,0,0,0,0,0,0,0,0,0,0,0,0
"MEG_2071|Metals|Copper_resistance|Copper_resistance_regulator|COPR","Copper resistance","Copper resistance regulator","COPR",0,0,0,0,0,0,0,0,0,0,0,0,0,0,0,0,0,0,0,0,0,184,0,0,0,0,0,0,0,0,0,0,0,0,0,0,0,0,0,0,0,0,0,0,0,0,0,0,0,0,0,0,0,0,0,0,0,0,0,0,0,0,0,0,0,0,0,0,0,0,0,0,0,0,0,0,0,0,0,0,0,0,0,0,0,0,0,0,0,0,0,0,0,0,0,0,0,0,0,0
"MEG_2451|Metals|Multi-metal_resistance|Multi-metal_RND_efflux_pumps|CUSF","Multi-metal resistance","Multi-metal RND efflux pumps","CUSF",0,0,0,0,0,0,0,0,0,0,0,0,0,0,0,0,0,0,0,0,0,0,0,0,0,0,0,0,0,0,0,0,0,0,0,0,0,0,0,0,0,0,0,0,0,0,0,0,0,0,0,0,0,0,0,0,0,46,0,0,0,0,0,0,0,0,0,0,0,0,0,0,0,0,0,0,0,0,0,0,0,0,0,0,0,0,0,0,0,0,0,0,0,0,0,0,0,0,0,0
"MEG_2461|Metals|Multi-metal_resistance|Multi-metal_RND_efflux_pumps|CZCA","Multi-metal resistance","Multi-metal RND efflux pumps","CZCA",0,0,0,0,0,0,0,0,0,0,0,0,0,0,0,0,0,0,0,0,0,513,0,0,0,0,0,0,0,0,0,0,0,0,0,0,0,0,0,0,0,0,0,0,0,0,0,0,0,0,0,0,0,0,0,0,0,0,0,0,0,0,0,0,0,0,0,0,0,0,0,0,0,0,0,0,0,0,0,0,0,0,0,0,0,0,0,0,0,0,0,0,0,0,0,0,0,0,0,0
"MEG_2462|Metals|Multi-metal_resistance|Multi-metal_RND_efflux_pumps|CZCA","Multi-metal resistance","Multi-metal RND efflux pumps","CZCA",0,0,0,0,0,0,0,0,0,0,0,0,0,0,0,0,0,0,0,0,0,466,0,0,0,0,0,0,0,0,0,0,0,0,0,0,0,0,0,0,0,0,0,0,0,0,0,0,0,0,0,0,0,0,0,0,0,0,0,0,0,0,0,0,0,0,0,0,0,0,0,0,0,0,0,0,0,0,0,0,0,0,0,0,0,0,0,0,0,0,0,0,0,0,0,0,0,0,0,0
"MEG_2463|Metals|Multi-metal_resistance|Multi-metal_RND_efflux_pumps|CZCB","Multi-metal resistance","Multi-metal RND efflux pumps","CZCB",0,0,0,0,0,0,0,0,0,0,0,0,0,0,0,0,0,0,0,0,0,149,0,0,0,0,0,0,0,0,0,0,0,0,0,0,0,0,0,0,0,0,0,0,0,0,0,0,0,0,0,0,0,0,0,0,0,0,0,0,0,0,0,0,0,0,0,0,0,0,0,0,0,0,0,0,0,0,0,0,0,0,0,0,0,0,0,0,0,0,0,0,0,0,0,0,0,0,0,0
"MEG_2464|Metals|Multi-metal_resistance|Multi-metal_RND_efflux_pumps|CZCB","Multi-metal resistance","Multi-metal RND efflux pumps","CZCB",0,0,0,0,0,0,0,0,0,0,0,0,0,0,0,0,0,0,0,0,0,173,0,0,0,0,0,0,0,0,0,0,0,0,0,0,0,0,0,0,0,0,0,0,0,0,0,0,0,0,0,0,0,0,0,0,0,0,0,0,0,0,0,0,0,0,0,0,0,0,0,0,0,0,0,0,0,0,0,0,0,0,0,0,0,0,0,0,0,0,0,0,0,0,0,0,0,0,0,0
"MEG_2466|Metals|Multi-metal_resistance|Multi-metal_RND_efflux_regulator|CZCCM","Multi-metal resistance","Multi-metal RND efflux regulator","CZCCM",0,0,0,0,0,0,0,0,0,0,0,0,0,0,0,0,0,0,0,0,0,75,0,0,0,0,0,0,0,0,0,0,0,0,0,0,0,0,0,0,0,0,0,0,0,0,0,0,0,0,0,0,0,0,0,0,0,0,0,0,0,0,0,0,0,0,0,0,0,0,0,0,0,0,0,0,0,0,0,0,0,0,0,0,0,0,0,0,0,0,0,0,0,0,0,0,0,0,0,0
"MEG_2467|Metals|Multi-metal_resistance|Multi-metal_RND_efflux_regulator|CZCCM","Multi-metal resistance","Multi-metal RND efflux regulator","CZCCM",0,0,0,0,0,0,0,0,0,0,0,0,0,0,0,0,0,0,0,0,0,78,0,0,0,0,0,0,0,0,0,0,0,0,0,0,0,0,0,0,0,0,0,0,0,0,0,0,0,0,0,0,0,0,0,0,0,0,0,0,0,0,0,0,0,0,0,0,0,0,0,0,0,0,0,0,0,0,0,0,0,0,0,0,0,0,0,0,0,0,0,0,0,0,0,0,0,0,0,0
"MEG_2469|Metals|Multi-metal_resistance|Multi-metal_RND_efflux_regulator|CZCD","Multi-metal resistance","Multi-metal RND efflux regulator","CZCD",0,0,0,0,0,0,0,0,0,0,0,0,0,0,0,0,0,0,0,0,0,128,0,0,0,0,0,0,0,0,0,0,0,0,0,0,0,0,0,0,0,0,0,0,0,0,0,0,0,0,0,0,0,0,0,0,0,0,0,0,0,0,0,0,0,0,0,0,0,0,0,0,0,0,0,0,0,0,0,0,0,0,0,0,0,0,0,0,0,0,0,0,0,0,0,0,0,0,0,0
"MEG_2470|Metals|Multi-metal_resistance|Multi-metal_RND_efflux_pumps|CZCE","Multi-metal resistance","Multi-metal RND efflux pumps","CZCE",0,0,0,0,0,0,0,0,0,0,0,0,0,0,0,0,0,0,0,0,0,261,0,0,0,0,0,0,0,0,0,0,0,0,0,0,0,0,0,0,0,0,0,0,0,0,0,0,0,0,0,0,0,0,0,0,0,0,0,0,0,0,0,0,0,0,0,0,0,0,0,0,0,0,0,0,0,0,0,0,0,0,0,0,0,0,0,0,0,0,0,0,0,0,0,0,0,0,0,0
"MEG_2471|Metals|Multi-metal_resistance|Multi-metal_RND_efflux_pumps|CZCP","Multi-metal resistance","Multi-metal RND efflux pumps","CZCP",0,0,0,0,0,0,0,0,0,0,0,0,0,0,0,0,0,0,0,0,0,851,0,0,0,0,0,0,0,0,0,0,0,0,0,0,0,0,0,0,0,0,0,0,0,0,0,0,0,0,0,0,0,0,0,0,0,0,0,0,0,0,0,0,0,0,0,0,0,0,0,0,0,0,0,0,0,0,0,0,0,0,0,0,0,0,0,0,0,0,0,0,0,0,0,0,0,0,0,0
"MEG_2472|Metals|Multi-metal_resistance|Multi-metal_RND_efflux_regulator|CZCR","Multi-metal resistance","Multi-metal RND efflux regulator","CZCR",0,0,0,0,0,0,0,0,0,0,0,0,0,0,0,0,0,0,0,0,0,180,0,0,0,0,0,0,0,0,0,0,0,0,0,0,0,0,0,0,0,0,0,0,0,0,0,0,0,0,0,0,0,0,0,0,0,0,0,0,0,0,0,0,0,0,0,0,0,0,0,0,0,0,0,0,0,0,0,0,0,0,0,0,0,0,0,0,0,0,0,0,0,0,0,0,0,0,0,0
"MEG_2473|Metals|Multi-metal_resistance|Multi-metal_RND_efflux_regulator|CZCR","Multi-metal resistance","Multi-metal RND efflux regulator","CZCR",0,0,0,0,0,0,0,0,0,0,0,0,0,0,0,0,0,0,0,0,0,203,0,0,0,0,0,0,0,0,0,0,0,0,0,0,0,0,0,0,0,0,0,0,0,0,0,0,0,0,0,0,0,0,0,0,0,0,0,0,0,0,0,0,0,0,0,0,0,0,0,0,0,0,0,0,0,0,0,0,0,0,0,0,0,0,0,0,0,0,0,0,0,0,0,0,0,0,0,0
"MEG_2474|Metals|Multi-metal_resistance|Multi-metal_RND_efflux_regulator|CZCS","Multi-metal resistance","Multi-metal RND efflux regulator","CZCS",0,0,0,0,0,0,0,0,0,0,0,0,0,0,0,0,0,0,0,0,0,89,0,0,0,0,0,0,0,0,0,0,0,0,0,0,0,0,0,0,0,0,0,0,0,0,0,0,0,0,0,0,0,0,0,0,0,0,0,0,0,0,0,0,0,0,0,0,0,0,0,0,0,0,0,0,0,0,0,0,0,0,0,0,0,0,0,0,0,0,0,0,0,0,0,0,0,0,0,0
"MEG_2475|Metals|Multi-metal_resistance|Multi-metal_RND_efflux_regulator|CZCS","Multi-metal resistance","Multi-metal RND efflux regulator","CZCS",0,0,0,0,0,0,0,0,0,0,0,0,0,0,0,0,0,0,0,0,0,87,0,0,0,0,0,0,0,0,0,0,0,0,0,0,0,0,0,0,0,0,0,0,0,0,0,0,0,0,0,0,0,0,0,0,0,0,0,0,0,0,0,0,0,0,0,0,0,0,0,0,0,0,0,0,0,0,0,0,0,0,0,0,0,0,0,0,0,0,0,0,0,0,0,0,0,0,0,0
"MEG_2650|Metals|Multi-metal_resistance|Multi-metal_resistance_protein|DMEF","Multi-metal resistance","Multi-metal resistance protein","DMEF",0,0,0,0,0,0,0,0,0,0,0,0,0,0,0,0,0,0,0,0,0,546,0,0,0,0,0,0,0,0,0,0,0,0,0,0,0,0,0,0,0,0,0,0,0,0,0,0,0,0,0,0,0,0,0,0,0,0,0,0,0,0,0,0,0,0,0,0,0,0,0,0,0,0,0,0,0,0,0,0,0,0,0,0,0,0,0,0,0,0,0,0,0,0,0,0,0,0,0,0
"MEG_2735|Multi-compound|Drug_and_biocide_resistance|Drug_and_biocide_MFS_efflux_regulator|EMRRSM","Drug and biocide resistance","Drug and biocide MFS efflux regulator","EMRRSM",0,0,0,0,0,0,0,0,0,0,0,0,0,0,0,0,0,0,0,0,0,0,0,0,0,0,0,0,0,0,0,0,0,0,0,0,0,0,0,0,0,0,0,0,0,0,0,0,0,0,0,0,0,0,0,0,0,0,0,0,0,0,0,0,0,0,0,0,0,0,0,0,0,0,0,0,0,0,0,0,0,0,0,0,0,0,0,0,0,0,0,0,0,0,0,0,0,0,0,80
"MEG_2760|Drugs|MLS|23S_rRNA_methyltransferases|ERM","MLS","23S rRNA methyltransferases","ERM",0,0,0,0,0,0,0,0,0,0,0,0,0,0,0,0,0,0,0,0,0,0,13,0,0,0,0,0,0,0,0,0,0,0,0,0,0,0,0,0,0,0,0,0,0,0,0,0,0,0,0,0,0,0,0,0,0,0,0,0,0,0,0,0,0,0,0,0,0,0,0,0,0,0,0,0,0,0,0,0,0,0,0,0,0,0,0,0,0,0,0,0,0,0,0,0,0,0,0,0
"MEG_2794|Drugs|MLS|23S_rRNA_methyltransferases|ERMB","MLS","23S rRNA methyltransferases","ERMB",0,0,0,0,0,0,0,0,0,0,0,0,0,0,0,0,0,0,0,0,0,0,0,10,0,0,0,0,0,0,0,0,0,0,0,0,0,0,0,0,0,0,0,0,0,0,0,0,0,0,0,0,0,0,0,0,0,0,0,0,0,0,0,0,0,0,0,0,0,0,0,0,0,0,0,0,0,0,0,0,0,0,0,0,0,0,0,0,0,0,0,0,0,0,0,0,0,0,0,0
"MEG_2801|Drugs|MLS|23S_rRNA_methyltransferases|ERMB","MLS","23S rRNA methyltransferases","ERMB",0,0,0,0,0,0,0,0,0,0,0,0,0,0,0,0,0,0,0,0,0,0,0,0,0,0,0,0,0,0,0,0,0,0,0,0,0,0,0,0,0,0,0,0,0,0,0,0,0,0,0,0,0,0,0,0,0,0,0,0,0,0,0,0,0,0,0,0,0,0,0,0,0,0,0,0,0,0,0,0,0,0,0,0,0,0,0,0,23,0,0,0,0,0,0,0,0,0,0,0
"MEG_2805|Drugs|MLS|23S_rRNA_methyltransferases|ERMB","MLS","23S rRNA methyltransferases","ERMB",0,0,0,0,0,0,0,0,0,0,0,0,0,0,0,0,0,0,0,0,0,0,0,18,0,0,0,0,0,0,0,0,0,0,0,0,0,0,0,0,0,0,0,0,0,0,0,0,0,0,0,0,0,0,0,0,0,0,0,0,0,0,0,0,0,0,0,0,0,0,0,0,0,0,0,0,0,0,0,0,0,0,0,0,0,0,0,0,22,0,0,0,0,0,0,0,0,0,0,0
"MEG_2829|Drugs|MLS|23S_rRNA_methyltransferases|ERMF","MLS","23S rRNA methyltransferases","ERMF",0,0,0,0,14,0,0,0,0,0,0,0,0,0,0,0,0,0,0,0,0,0,0,0,0,0,0,30,29,0,0,0,0,0,0,0,0,0,0,0,0,21,0,0,0,0,0,0,0,0,0,0,0,0,0,0,0,0,0,0,0,25,0,0,0,28,0,0,0,0,0,0,0,0,0,0,0,0,0,0,0,0,0,18,0,0,0,0,0,0,0,0,0,0,0,0,0,0,0,0
"MEG_2831|Drugs|MLS|23S_rRNA_methyltransferases|ERMF","MLS","23S rRNA methyltransferases","ERMF",0,0,10,0,12,0,0,0,0,0,0,0,0,0,0,0,0,0,0,0,0,0,0,0,0,0,9,20,0,0,0,0,0,0,0,0,0,0,0,0,0,0,0,0,0,0,0,0,0,0,0,0,0,0,0,0,0,0,0,0,0,0,0,0,0,19,0,0,0,0,0,0,0,0,0,0,0,0,0,0,0,0,0,17,0,0,0,0,0,0,0,0,0,0,0,0,0,0,0,0
"MEG_2834|Drugs|MLS|23S_rRNA_methyltransferases|ERMG","MLS","23S rRNA methyltransferases","ERMG",0,0,0,0,0,0,0,0,0,0,0,0,0,0,0,0,26,0,0,0,0,0,0,0,0,0,0,0,0,0,0,0,0,0,0,0,0,0,0,0,0,0,0,0,0,0,0,0,0,0,18,0,0,0,0,0,0,0,0,0,0,0,0,0,0,0,0,0,0,0,0,0,0,0,0,0,0,0,0,0,0,0,0,0,0,0,0,0,0,0,0,0,0,0,0,0,0,0,0,0
"MEG_2835|Drugs|MLS|23S_rRNA_methyltransferases|ERMG","MLS","23S rRNA methyltransferases","ERMG",0,0,0,0,0,0,0,0,0,0,0,0,0,0,0,0,0,0,0,0,0,0,0,0,0,0,0,0,0,0,0,0,0,0,0,0,0,0,0,0,0,0,0,0,0,0,0,0,0,0,26,0,0,0,0,0,0,0,0,0,0,0,0,0,0,0,0,0,0,0,0,0,0,0,0,0,0,0,0,0,0,0,0,0,0,0,0,0,0,0,0,0,0,0,0,0,0,0,0,0
"MEG_3080|Biocides|Acid_resistance|Acid_resistance_regulator|GADE","Acid resistance","Acid resistance regulator","GADE",0,0,0,0,0,0,0,0,0,0,0,0,0,0,0,0,0,0,0,0,0,0,0,0,0,0,0,0,0,0,0,0,0,0,0,0,0,0,0,0,0,0,0,0,0,0,0,0,0,0,0,0,0,0,0,0,0,164,0,0,0,0,0,0,0,0,0,0,0,0,0,0,0,0,0,0,0,0,0,0,0,0,0,0,0,0,0,0,0,0,0,0,0,0,0,0,0,0,0,0
"MEG_3083|Multi-compound|Drug_and_biocide_resistance|Drug_and_biocide_RND_efflux_regulator|GADX","Drug and biocide resistance","Drug and biocide RND efflux regulator","GADX",0,0,0,0,0,0,0,0,0,0,0,0,0,0,0,0,0,0,0,0,0,0,0,0,0,0,0,0,0,0,0,0,0,0,0,0,0,0,0,0,0,0,0,0,0,0,0,0,0,0,0,0,0,0,0,0,0,73,0,0,0,0,0,0,0,0,0,0,0,0,0,0,0,0,0,0,0,0,0,0,0,0,0,0,0,0,0,0,0,0,0,0,0,0,0,0,0,0,0,0
"MEG_3253|Biocides|Acid_resistance|Acid_resistance_protein|HDEA","Acid resistance","Acid resistance protein","HDEA",0,0,0,0,0,0,0,0,0,0,0,0,0,0,0,0,0,0,0,0,0,0,0,0,0,0,0,0,0,0,0,0,0,0,0,0,0,0,0,0,0,0,0,0,0,0,0,0,0,0,0,0,0,0,0,0,0,48,0,0,0,0,0,0,0,0,0,0,0,0,0,0,0,0,0,0,0,0,0,0,0,0,0,0,0,0,0,0,0,0,0,0,0,0,0,0,0,0,0,0
"MEG_352|Drugs|Aminoglycosides|Aminoglycoside_N-acetyltransferases|AAC6-PRIME","Aminoglycosides","Aminoglycoside N-acetyltransferases","AAC6-PRIME",0,0,0,0,0,0,0,0,0,0,0,0,0,0,0,0,0,0,0,0,0,0,0,0,0,0,0,0,0,0,0,0,0,0,0,0,0,0,0,0,0,0,0,0,0,0,0,0,0,0,0,0,0,0,0,0,0,0,0,0,0,0,0,0,0,0,0,0,0,0,0,0,0,0,0,0,0,0,0,0,0,0,0,0,0,0,0,0,0,0,0,0,0,0,0,0,0,0,0,702
"MEG_3610|Drugs|MLS|Lincosamide_nucleotidyltransferases|LNUC","MLS","Lincosamide nucleotidyltransferases","LNUC",2934,0,31,524,51,68,84,55,0,0,12,106,0,49,31,118,1044,9,0,92,787,178,162,0,73,49,31,493,211,0,115,58,0,70,105,53,0,71,0,479,182,28,1722,195,0,289,0,84,930,0,213,58,73,65,0,0,0,1220,2575,32,0,25,76,0,0,119,32,0,53,135,39,0,34,66,0,109,26,1465,0,58,670,68,168,50,706,0,864,0,126,41,32,53,68,0,0,0,22,97,0,0
"MEG_3813|Drugs|MLS|MLS_resistance_MFS_efflux_pumps|MEFA","MLS","MLS resistance MFS efflux pumps","MEFA",1425,0,0,0,0,0,0,0,0,0,0,0,0,0,0,0,0,0,0,0,0,0,0,0,0,0,0,0,0,0,0,0,0,0,0,0,0,0,0,0,0,0,0,0,0,0,0,0,0,0,0,0,0,0,0,0,0,0,0,0,0,0,0,0,0,0,0,0,0,0,0,0,0,0,0,0,0,0,0,0,0,0,0,0,0,0,0,0,0,0,0,0,0,0,0,0,0,0,0,0
"MEG_3814|Drugs|MLS|MLS_resistance_MFS_efflux_pumps|MEFA","MLS","MLS resistance MFS efflux pumps","MEFA",1788,0,0,0,0,0,0,0,0,0,0,0,0,0,0,0,0,0,0,0,0,0,0,0,0,0,0,0,0,0,0,0,0,0,0,0,0,0,0,0,0,0,0,0,0,0,0,0,0,0,0,0,0,0,0,0,0,0,1433,0,0,0,0,0,0,0,0,0,0,0,0,0,0,0,0,0,0,0,0,0,0,0,0,0,0,0,0,0,0,0,0,0,0,0,0,0,0,0,0,0
"MEG_3815|Drugs|MLS|MLS_resistance_MFS_efflux_pumps|MEFA","MLS","MLS resistance MFS efflux pumps","MEFA",1680,0,0,0,0,0,0,0,0,0,0,0,0,0,0,0,0,0,0,0,0,0,0,0,0,0,0,0,0,0,0,0,0,0,0,0,0,0,0,0,0,0,0,0,0,0,0,0,0,0,0,0,0,0,0,0,0,0,0,0,0,0,0,0,0,0,0,0,0,0,0,0,0,0,0,0,0,0,0,0,0,0,0,0,0,0,0,0,0,0,0,0,0,0,0,0,0,0,0,0
"MEG_3816|Drugs|MLS|MLS_resistance_MFS_efflux_pumps|MEFA","MLS","MLS resistance MFS efflux pumps","MEFA",2079,0,0,0,0,0,0,0,0,0,0,0,0,0,0,0,0,0,0,0,0,0,0,0,0,0,0,0,0,0,0,0,0,0,0,0,0,0,0,0,0,0,0,0,0,0,0,0,0,0,0,0,0,0,0,0,0,0,1802,0,0,0,0,0,0,0,0,0,0,0,0,0,0,0,0,0,0,0,0,0,0,0,0,0,0,0,0,0,0,0,0,0,0,0,0,0,0,0,0,0
"MEG_3817|Drugs|MLS|MLS_resistance_MFS_efflux_pumps|MEFA","MLS","MLS resistance MFS efflux pumps","MEFA",12501,0,144,375,96,360,107,86,0,0,89,608,0,232,96,219,253,58,0,212,2302,70,103,0,379,181,234,286,1608,0,0,103,0,161,124,207,0,133,0,738,373,150,341,0,0,124,0,196,533,0,528,406,77,422,0,0,0,0,10496,110,0,178,254,0,0,1297,216,0,367,826,131,0,107,202,0,0,131,0,0,402,535,212,459,120,390,0,2926,0,0,288,135,72,212,0,0,0,146,438,0,0
"MEG_3824|Drugs|MLS|MLS_resistance_MFS_efflux_pumps|MEFA","MLS","MLS resistance MFS efflux pumps","MEFA",0,0,0,0,0,0,0,0,0,0,0,0,0,0,0,0,0,0,0,0,0,0,0,0,0,0,0,0,0,0,0,0,0,0,0,0,0,0,0,0,0,0,0,0,0,0,0,0,0,0,0,0,0,0,0,0,0,0,0,0,0,0,0,0,0,0,0,0,0,0,0,0,0,0,0,0,0,0,0,0,0,0,24,0,0,0,0,0,0,0,0,0,0,0,0,0,0,0,0,0
"MEG_3827|Drugs|MLS|MLS_resistance_MFS_efflux_pumps|MEFB","MLS","MLS resistance MFS efflux pumps","MEFB",978,0,23,0,0,70,0,0,0,0,0,0,0,0,17,0,0,0,0,0,0,0,0,0,52,0,35,0,0,0,0,0,0,0,0,0,0,21,0,0,0,0,0,0,0,24,0,0,0,0,0,83,23,54,0,0,0,0,844,0,0,58,0,0,0,0,0,0,71,0,0,0,0,0,0,0,0,0,0,80,0,42,0,28,0,0,0,0,0,0,85,0,42,0,0,0,30,77,0,0
"MEG_3842|Metals|Mercury_resistance|Mercury_resistance_protein|MERA","Mercury resistance","Mercury resistance protein","MERA",0,0,0,0,0,0,0,0,0,0,0,0,0,0,0,0,0,0,0,0,0,455,0,0,0,0,0,0,0,0,0,0,0,0,0,0,0,0,0,0,0,0,0,0,0,0,0,0,0,0,0,0,0,0,0,0,0,0,0,0,0,0,0,0,0,0,0,0,0,0,0,0,0,0,0,51,0,0,0,0,0,0,0,0,0,0,0,0,0,0,0,0,0,0,0,0,0,0,0,0
"MEG_3863|Metals|Mercury_resistance|Mercury_resistance_regulator|MERD","Mercury resistance","Mercury resistance regulator","MERD",0,0,0,0,0,0,0,0,0,0,0,0,0,0,0,0,0,0,0,0,0,56,0,0,0,0,0,0,0,0,0,0,0,0,0,0,0,0,0,0,0,0,0,0,0,0,0,0,0,0,0,0,0,0,0,0,0,0,0,0,0,0,0,0,0,0,0,0,0,0,0,0,0,0,0,0,0,0,0,0,0,0,0,0,0,0,0,0,0,0,0,0,0,0,0,0,0,0,0,0
"MEG_3865|Metals|Mercury_resistance|Mercury_resistance_regulator|MERD","Mercury resistance","Mercury resistance regulator","MERD",0,0,0,0,0,0,0,0,0,0,0,0,0,0,0,0,0,0,0,0,0,48,0,0,0,0,0,0,0,0,0,0,0,0,0,0,0,0,0,0,0,0,0,0,7,0,0,0,0,0,0,0,0,0,0,0,0,0,0,0,0,0,0,0,0,0,0,0,0,0,0,0,0,0,0,0,0,0,0,0,0,0,0,0,0,0,0,0,0,0,0,0,0,0,0,0,0,0,0,0
"MEG_3867|Metals|Mercury_resistance|Mercury_resistance_protein|MERE","Mercury resistance","Mercury resistance protein","MERE",0,0,0,0,0,0,0,0,0,0,0,0,0,0,0,0,0,0,0,0,0,60,0,0,0,0,0,0,0,0,0,0,0,0,0,0,0,0,0,0,0,0,0,0,17,0,0,0,0,0,0,0,0,0,0,0,0,0,0,0,0,0,0,0,0,0,0,0,0,0,0,0,0,0,0,0,0,0,0,0,0,0,0,0,0,0,0,0,0,0,0,0,0,0,0,0,0,0,0,0
"MEG_3874|Metals|Mercury_resistance|Mercury_resistance_protein|MERP","Mercury resistance","Mercury resistance protein","MERP",0,0,0,0,0,0,0,0,0,0,0,0,0,0,0,0,0,0,0,0,0,121,0,0,0,0,0,0,0,0,0,0,0,0,0,0,0,0,0,0,0,0,0,0,0,0,0,0,0,0,0,0,0,0,0,0,0,0,0,0,0,0,0,0,0,0,0,0,0,0,0,0,0,0,0,8,0,0,0,0,0,0,0,0,0,0,0,0,0,0,0,0,0,0,0,0,0,0,0,0
"MEG_3877|Metals|Mercury_resistance|Mercury_resistance_protein|MERP","Mercury resistance","Mercury resistance protein","MERP",0,0,0,0,0,0,0,0,0,0,0,0,0,0,0,0,0,0,0,0,0,0,0,0,0,0,0,0,0,0,0,0,0,0,0,0,0,0,0,0,0,0,0,0,0,0,0,0,0,0,0,0,0,0,0,0,0,0,8,0,0,0,0,0,0,0,0,0,0,0,0,0,0,0,0,0,0,0,0,0,0,0,0,0,0,0,0,0,0,0,0,0,0,0,0,0,0,0,0,0
"MEG_3883|Metals|Mercury_resistance|Mercury_resistance_regulator|MERR","Mercury resistance","Mercury resistance regulator","MERR",0,0,0,0,0,0,0,0,0,0,0,0,0,0,0,0,0,0,0,0,0,99,0,0,0,0,0,0,0,0,0,0,0,0,0,0,0,0,0,0,0,0,0,0,0,0,0,0,0,0,0,0,0,0,0,0,0,0,0,0,0,0,0,0,0,0,0,0,0,0,0,0,0,0,0,0,0,0,0,0,0,0,0,0,0,0,0,0,0,0,0,0,0,0,0,0,0,0,0,0
"MEG_3893|Metals|Mercury_resistance|Mercury_resistance_protein|MERT","Mercury resistance","Mercury resistance protein","MERT",0,0,0,0,0,0,0,0,0,0,0,0,0,0,0,0,0,0,0,0,0,130,0,0,0,0,0,0,0,0,0,0,0,0,0,0,0,0,0,0,0,0,0,0,0,0,0,0,0,0,0,0,0,0,0,0,0,0,0,0,0,0,0,0,0,0,0,0,0,0,0,0,0,0,0,22,0,0,0,0,0,0,0,0,0,0,0,0,0,0,0,0,0,0,0,0,0,0,0,0
"MEG_395|Drugs|betalactams|Class_A_betalactamases|ACI","betalactams","Class A betalactamases","ACI",52,0,45,0,36,0,68,28,0,0,11,0,0,38,52,90,41,25,0,0,0,77,49,0,0,174,101,21,11,0,0,91,0,53,82,62,0,76,0,0,0,0,0,0,0,0,0,47,0,0,35,0,48,0,0,0,0,1080,52,0,0,90,61,0,0,78,102,0,0,0,69,0,66,15,0,0,60,1036,0,0,0,24,0,85,42,0,0,0,0,36,42,78,24,0,0,0,0,0,0,0
"MEG_403|Multi-compound|Drug_and_biocide_resistance|Drug_and_biocide_RND_efflux_pumps|ACRC","Drug and biocide resistance","Drug and biocide RND efflux pumps","ACRC",0,0,0,0,0,0,0,0,0,0,0,0,0,0,0,0,0,0,0,0,0,288,0,0,0,0,0,0,0,0,0,0,0,0,0,0,0,0,0,0,0,0,0,0,0,0,0,0,0,0,0,0,0,0,0,0,0,0,0,0,0,0,0,0,0,0,0,0,0,0,0,0,0,0,0,0,0,0,0,0,0,0,0,0,0,0,0,0,0,0,0,0,0,0,0,0,0,0,0,0
"MEG_4111|Metals|Multi-metal_resistance|Multi-metal_resistance_protein|NCCA","Multi-metal resistance","Multi-metal resistance protein","NCCA",0,0,0,0,0,0,0,0,0,0,0,0,0,0,0,0,0,0,0,0,0,1693,0,0,0,0,0,0,0,0,0,0,0,0,0,0,0,0,0,0,0,0,0,0,0,0,0,0,0,0,0,0,0,0,0,0,0,0,0,0,0,0,0,0,0,0,0,0,0,0,0,0,0,0,0,0,0,0,0,0,0,0,0,0,0,0,0,0,0,0,0,0,0,0,0,0,0,0,0,0
"MEG_4112|Metals|Multi-metal_resistance|Multi-metal_resistance_protein|NCCB","Multi-metal resistance","Multi-metal resistance protein","NCCB",0,0,0,0,0,0,0,0,0,0,0,0,0,0,0,0,0,0,0,0,0,238,0,0,0,0,0,0,0,0,0,0,0,0,0,0,0,0,0,0,0,0,0,0,0,0,0,0,0,0,0,0,0,0,0,0,0,0,0,0,0,0,0,0,0,0,0,0,0,0,0,0,0,0,0,0,0,0,0,0,0,0,0,0,0,0,0,0,0,0,0,0,0,0,0,0,0,0,0,0
"MEG_4113|Metals|Multi-metal_resistance|Multi-metal_resistance_protein|NCCC","Multi-metal resistance","Multi-metal resistance protein","NCCC",0,0,0,0,0,0,0,0,0,0,0,0,0,0,0,0,0,0,0,0,0,466,0,0,0,0,0,0,0,0,0,0,0,0,0,0,0,0,0,0,0,0,0,0,0,0,0,0,0,0,0,0,0,0,0,0,0,0,0,0,0,0,0,0,0,0,0,0,0,0,0,0,0,0,0,0,0,0,0,0,0,0,0,0,0,0,0,0,0,0,0,0,0,0,0,0,0,0,0,0
"MEG_4114|Metals|Multi-metal_resistance|Multi-metal_resistance_regulator|NCCH","Multi-metal resistance","Multi-metal resistance regulator","NCCH",0,0,0,0,0,0,0,0,0,0,0,0,0,0,0,0,0,0,0,0,0,106,0,0,0,0,0,0,0,0,0,0,0,0,0,0,0,0,0,0,0,0,0,0,0,0,0,0,0,0,0,0,0,0,0,0,0,0,0,0,0,0,0,0,0,0,0,0,0,0,0,0,0,0,0,0,0,0,0,0,0,0,0,0,0,0,0,0,0,0,0,0,0,0,0,0,0,0,0,0
"MEG_4115|Metals|Multi-metal_resistance|Multi-metal_resistance_protein|NCCN","Multi-metal resistance","Multi-metal resistance protein","NCCN",0,0,0,0,0,0,0,0,0,0,0,0,0,0,0,0,0,0,0,0,0,251,0,0,0,0,0,0,0,0,0,0,0,0,0,0,0,0,0,0,0,0,0,0,0,0,0,0,0,0,0,0,0,0,0,0,0,0,0,0,0,0,0,0,0,0,0,0,0,0,0,0,0,0,0,0,0,0,0,0,0,0,0,0,0,0,0,0,0,0,0,0,0,0,0,0,0,0,0,0
"MEG_4116|Metals|Multi-metal_resistance|Multi-metal_resistance_protein|NCCX","Multi-metal resistance","Multi-metal resistance protein","NCCX",0,0,0,0,0,0,0,0,0,0,0,0,0,0,0,0,0,0,0,0,0,29,0,0,0,0,0,0,0,0,0,0,0,0,0,0,0,0,0,0,0,0,0,0,0,0,0,0,0,0,0,0,0,0,0,0,0,0,0,0,0,0,0,0,0,0,0,0,0,0,0,0,0,0,0,0,0,0,0,0,0,0,0,0,0,0,0,0,0,0,0,0,0,0,0,0,0,0,0,0
"MEG_4117|Metals|Multi-metal_resistance|Multi-metal_resistance_protein|NCCY","Multi-metal resistance","Multi-metal resistance protein","NCCY",0,0,0,0,0,0,0,0,0,0,0,0,0,0,0,0,0,0,0,0,0,35,0,0,0,0,0,0,0,0,0,0,0,0,0,0,0,0,0,0,0,0,0,0,0,0,0,0,0,0,0,0,0,0,0,0,0,0,0,0,0,0,0,0,0,0,0,0,0,0,0,0,0,0,0,12,0,0,0,0,0,0,0,0,0,0,0,0,0,0,0,0,0,0,0,0,0,0,0,0
"MEG_415|Multi-compound|Drug_and_biocide_resistance|Drug_and_biocide_RND_efflux_regulator|ACRS","Drug and biocide resistance","Drug and biocide RND efflux regulator","ACRS",0,0,0,0,0,0,0,0,0,0,0,0,0,0,0,0,0,0,0,0,0,0,0,0,0,0,0,0,0,0,0,0,0,0,0,0,0,0,0,0,0,0,0,0,0,0,0,0,0,0,0,0,0,0,0,0,0,45,0,0,0,0,0,0,0,0,0,0,0,0,0,0,0,0,0,0,0,0,0,0,0,0,0,0,0,0,0,0,0,0,0,0,0,0,0,0,0,0,0,0
"MEG_4194|Drugs|Metronidazole|nim_nitroimidazole_reductase|NIMJ","Metronidazole","nim nitroimidazole reductase","NIMJ",182,32,421,221,176,0,241,234,0,0,120,465,1609,552,255,308,386,118,222,193,0,251,258,3338,27,371,395,390,361,0,0,359,0,165,306,226,1254,417,0,184,295,358,585,0,65,241,0,456,380,0,189,24,358,25,962,43,2268,976,151,158,1091,885,523,0,1314,428,296,603,0,776,253,979,308,453,0,328,53,2132,1214,24,705,260,196,360,417,0,0,1677,1442,427,390,301,260,32,0,1449,284,23,1055,6444
"MEG_4748|Drugs|betalactams|Class_D_betalactamases|OXA","betalactams","Class D betalactamases","OXA",0,0,0,0,0,0,0,0,0,0,0,0,0,0,0,0,0,0,0,0,0,0,0,0,0,0,0,0,0,0,0,0,0,0,0,0,0,0,0,0,0,0,0,0,0,0,0,0,0,0,0,0,0,0,0,0,0,0,0,0,0,0,0,0,0,0,0,0,0,0,0,0,0,0,0,0,0,0,0,0,0,0,0,0,0,0,0,0,0,0,0,0,0,0,0,0,0,0,0,756
"MEG_4750|Drugs|betalactams|Class_D_betalactamases|OXA","betalactams","Class D betalactamases","OXA",0,0,0,0,0,0,0,0,0,0,0,0,0,0,0,0,0,0,0,0,0,0,0,0,0,0,0,0,0,0,0,0,0,0,0,0,0,0,0,0,0,0,0,0,0,0,0,0,0,0,0,0,0,0,0,0,0,0,0,0,0,0,0,0,0,0,0,0,0,0,0,0,0,0,0,0,0,0,0,0,0,0,0,0,0,0,0,0,0,0,0,0,0,0,0,0,0,0,0,1432
"MEG_4766|Drugs|betalactams|Class_D_betalactamases|OXA","betalactams","Class D betalactamases","OXA",0,0,0,0,0,0,0,0,0,0,0,0,0,0,0,0,0,0,0,0,0,87,0,0,0,0,0,0,0,0,0,0,0,0,0,0,0,0,0,0,0,0,0,0,0,0,0,0,0,0,0,0,0,0,0,0,0,0,0,0,0,0,0,0,0,0,0,0,0,0,0,0,0,0,0,0,0,0,0,0,0,0,0,0,0,0,0,0,0,0,0,0,0,0,0,0,0,0,0,0
"MEG_5213|Drugs|betalactams|Class_D_betalactamases|OXA","betalactams","Class D betalactamases","OXA",0,0,0,0,0,0,0,0,0,0,0,0,0,0,0,0,0,0,0,0,0,111,0,0,0,0,0,0,0,0,0,0,0,0,0,0,0,0,0,0,0,0,0,0,0,0,0,0,0,0,0,0,0,0,0,0,0,0,0,0,0,0,0,0,0,0,0,0,0,0,0,0,0,0,0,0,0,0,0,0,0,0,0,0,0,0,0,0,0,0,0,0,0,0,0,0,0,0,0,0
"MEG_5813|Metals|Arsenic_resistance|Arsenic_resistance_protein|PSTA","Arsenic resistance","Arsenic resistance protein","PSTA",0,0,0,0,0,0,0,0,0,0,0,0,0,0,0,0,0,0,0,0,0,0,0,0,0,0,0,0,0,0,0,0,0,0,0,0,0,0,0,0,0,0,0,0,0,0,0,0,0,0,0,0,0,0,0,0,0,88,0,0,0,0,0,0,0,0,0,0,0,0,0,0,0,0,0,0,0,0,0,0,0,0,0,0,0,0,0,0,0,0,0,0,0,0,0,0,0,0,0,0
"MEG_5815|Metals|Arsenic_resistance|Arsenic_resistance_protein|PSTC","Arsenic resistance","Arsenic resistance protein","PSTC",0,0,0,0,0,0,0,0,0,0,0,0,0,0,0,0,0,0,0,0,0,0,0,0,0,0,0,0,0,0,0,0,0,0,0,0,0,0,0,0,0,0,0,0,0,0,0,0,0,0,0,0,0,0,0,0,0,37,0,0,0,0,0,0,0,0,0,0,0,0,0,0,0,0,0,0,0,0,0,0,0,0,0,0,0,0,0,0,0,0,0,0,0,0,0,0,0,0,0,0
"MEG_6166|Drugs|Nucleosides|Streptothricin_acetyltransferase|SAT","Nucleosides","Streptothricin acetyltransferase","SAT",0,0,0,17,0,0,0,0,0,0,0,0,0,0,5,0,18,0,0,0,0,0,0,0,0,0,0,8,29,0,0,0,0,0,0,0,0,0,0,0,139,0,0,0,0,0,0,0,52,0,0,0,0,0,0,0,0,0,0,0,0,0,0,0,0,9,0,0,0,49,0,0,0,0,0,0,0,0,0,0,151,0,7,0,56,0,0,0,0,0,0,0,0,0,0,0,0,0,0,0
"MEG_6169|Drugs|Nucleosides|Streptothricin_acetyltransferase|SAT","Nucleosides","Streptothricin acetyltransferase","SAT",0,0,0,0,0,0,0,0,0,0,0,0,0,0,0,0,6,0,0,0,0,0,0,0,0,0,0,0,26,0,0,0,0,0,0,0,0,0,0,0,91,0,0,0,0,0,0,0,57,0,0,0,0,0,0,0,0,0,0,0,0,0,0,0,0,9,0,0,0,44,0,0,0,0,0,0,0,0,0,0,169,0,0,0,39,0,0,0,0,0,0,0,0,0,0,0,0,0,0,0
"MEG_6582|Drugs|Sulfonamides|Sulfonamide-resistant_dihydropteroate_synthases|SULI","Sulfonamides","Sulfonamide-resistant dihydropteroate synthases","SULI",0,0,0,0,0,0,0,0,0,0,0,0,0,0,0,0,0,0,0,0,0,0,0,0,0,0,0,0,0,0,0,0,0,0,0,0,0,0,0,0,0,0,0,0,0,0,0,0,0,0,0,0,0,0,0,0,0,0,0,0,0,0,0,0,0,0,0,0,0,0,0,0,0,0,0,0,0,0,0,0,0,0,0,0,66,0,0,0,0,0,0,0,0,0,0,0,0,0,0,0
"MEG_6617|Drugs|Sulfonamides|Sulfonamide-resistant_dihydropteroate_synthases|SULII","Sulfonamides","Sulfonamide-resistant dihydropteroate synthases","SULII",0,0,0,0,0,0,0,0,0,0,0,0,0,0,0,19,0,0,0,0,0,0,0,0,0,0,0,0,0,0,0,0,0,0,0,0,0,0,0,0,0,0,0,0,0,0,0,0,0,0,0,0,0,0,0,0,0,0,0,0,0,0,0,0,0,0,0,0,0,7,0,0,0,0,0,0,0,0,0,0,0,0,0,0,125,0,0,0,0,0,0,0,0,0,0,0,18,0,0,0
"MEG_6618|Drugs|Sulfonamides|Sulfonamide-resistant_dihydropteroate_synthases|SULII","Sulfonamides","Sulfonamide-resistant dihydropteroate synthases","SULII",0,0,0,0,0,0,0,0,0,0,0,0,0,0,0,0,0,0,0,0,0,0,0,0,0,0,0,0,0,0,0,0,0,0,0,0,0,0,0,0,0,0,0,0,0,0,0,0,0,0,0,0,0,0,0,0,0,0,0,0,0,0,0,0,0,0,0,0,0,0,0,0,0,0,0,0,0,0,0,0,0,0,0,0,72,0,0,0,0,0,0,0,0,0,0,0,0,0,0,0
"MEG_6619|Drugs|Sulfonamides|Sulfonamide-resistant_dihydropteroate_synthases|SULII","Sulfonamides","Sulfonamide-resistant dihydropteroate synthases","SULII",0,0,0,0,0,0,0,0,0,0,0,0,0,0,0,0,0,0,0,0,0,0,0,0,0,0,0,0,0,0,0,0,0,0,0,0,0,0,0,0,0,0,0,0,0,0,0,0,0,0,0,0,0,0,0,0,0,0,0,0,0,0,0,0,0,0,0,0,0,0,0,0,0,0,0,0,0,0,0,0,0,0,0,0,59,0,0,0,0,0,0,0,0,0,0,0,0,0,0,0
"MEG_6621|Drugs|Sulfonamides|Sulfonamide-resistant_dihydropteroate_synthases|SULII","Sulfonamides","Sulfonamide-resistant dihydropteroate synthases","SULII",0,0,0,0,0,0,0,0,0,0,0,0,0,0,0,0,0,0,0,0,0,0,0,0,0,0,0,0,0,0,0,0,0,0,0,0,0,0,0,0,0,0,0,0,0,0,0,0,0,0,0,0,0,0,0,0,0,0,0,0,0,0,0,0,0,0,0,0,0,0,0,0,0,0,0,0,0,0,0,0,0,0,0,0,110,0,0,0,0,0,0,0,0,0,0,0,10,0,0,0
"MEG_6622|Drugs|Sulfonamides|Sulfonamide-resistant_dihydropteroate_synthases|SULII","Sulfonamides","Sulfonamide-resistant dihydropteroate synthases","SULII",0,0,0,9,0,0,0,0,0,0,0,0,0,0,0,0,0,0,0,0,0,0,0,0,0,0,0,0,0,0,0,0,0,0,0,0,0,0,0,0,0,0,0,0,0,0,0,0,0,0,0,0,0,0,0,0,0,0,0,0,0,0,0,0,0,0,0,0,0,0,0,0,0,0,0,0,0,0,0,0,0,0,13,0,111,0,0,0,0,0,0,0,0,0,0,0,16,0,0,0
"MEG_6624|Drugs|Sulfonamides|Sulfonamide-resistant_dihydropteroate_synthases|SULII","Sulfonamides","Sulfonamide-resistant dihydropteroate synthases","SULII",0,0,0,0,0,0,0,0,0,0,0,0,0,0,0,15,0,0,0,0,0,0,0,0,0,0,0,0,0,0,0,0,0,0,0,0,0,0,0,0,0,0,0,0,0,0,0,0,0,0,0,0,0,0,0,0,0,0,0,0,0,0,0,0,0,12,0,0,0,0,0,0,0,0,0,0,0,0,0,0,0,0,0,0,105,0,0,0,0,0,0,0,0,0,0,0,0,0,0,0
"MEG_6625|Drugs|Sulfonamides|Sulfonamide-resistant_dihydropteroate_synthases|SULII","Sulfonamides","Sulfonamide-resistant dihydropteroate synthases","SULII",0,0,0,0,0,0,0,0,0,0,0,0,0,0,0,24,0,0,0,0,0,0,0,0,0,0,0,0,0,0,0,0,0,0,0,0,0,0,0,0,0,0,0,0,0,0,0,0,0,0,0,0,0,0,0,0,0,0,0,0,0,0,0,0,0,0,0,0,0,0,0,0,0,0,0,0,0,0,0,0,0,0,0,0,115,0,0,0,0,0,0,0,0,0,0,0,17,0,0,0
"MEG_6626|Drugs|Sulfonamides|Sulfonamide-resistant_dihydropteroate_synthases|SULII","Sulfonamides","Sulfonamide-resistant dihydropteroate synthases","SULII",0,0,0,0,0,0,0,0,0,0,0,0,0,0,0,19,0,0,0,0,0,0,0,0,0,0,0,0,0,0,0,0,0,0,0,0,0,0,0,0,0,0,0,0,0,0,0,0,0,0,0,0,0,0,0,0,0,0,0,0,0,0,0,0,0,9,0,0,0,0,0,0,0,0,0,0,0,0,0,0,0,0,8,0,106,0,0,0,0,0,0,0,0,0,0,0,17,0,0,0
"MEG_6627|Drugs|Sulfonamides|Sulfonamide-resistant_dihydropteroate_synthases|SULII","Sulfonamides","Sulfonamide-resistant dihydropteroate synthases","SULII",0,0,0,13,0,0,0,0,0,0,0,0,0,0,0,0,0,0,0,0,0,0,0,0,0,0,0,0,0,0,0,0,0,0,0,0,0,0,0,0,0,0,0,0,0,0,0,0,0,0,0,0,0,0,0,0,0,0,0,0,0,0,0,0,0,0,0,0,0,0,0,0,0,0,0,0,0,0,0,0,0,0,0,0,101,0,0,0,0,0,0,0,0,0,0,0,0,0,0,0
"MEG_6628|Drugs|Sulfonamides|Sulfonamide-resistant_dihydropteroate_synthases|SULII","Sulfonamides","Sulfonamide-resistant dihydropteroate synthases","SULII",0,0,0,0,0,0,0,0,0,0,0,0,0,0,0,0,0,0,0,0,0,0,0,0,0,0,0,0,0,0,0,0,0,0,0,10,0,0,0,0,0,0,0,0,0,0,0,0,0,0,0,0,0,0,0,0,0,0,0,0,0,0,0,0,0,10,0,0,0,0,0,0,0,0,0,0,0,0,0,0,0,0,0,0,97,0,0,0,0,0,0,0,0,0,0,0,0,0,0,0
"MEG_6629|Drugs|Sulfonamides|Sulfonamide-resistant_dihydropteroate_synthases|SULII","Sulfonamides","Sulfonamide-resistant dihydropteroate synthases","SULII",0,0,0,0,0,0,0,0,0,0,0,0,0,0,0,0,0,0,0,0,0,0,0,0,0,0,0,0,0,0,0,0,0,0,0,0,0,0,0,0,0,0,0,0,0,0,0,0,0,0,0,0,0,0,0,0,0,0,0,0,0,0,0,0,0,12,0,0,0,0,0,0,0,0,0,0,0,0,0,0,0,0,0,0,112,0,0,0,0,0,0,0,0,0,0,0,17,0,0,0
"MEG_6630|Drugs|Sulfonamides|Sulfonamide-resistant_dihydropteroate_synthases|SULII","Sulfonamides","Sulfonamide-resistant dihydropteroate synthases","SULII",0,0,0,0,0,0,0,0,0,0,0,0,0,0,0,0,0,0,0,0,0,0,0,0,0,0,0,0,0,0,0,0,0,0,0,0,0,0,0,0,0,0,0,0,0,0,0,0,0,0,0,0,0,0,0,0,0,0,0,0,0,0,0,0,0,0,0,0,0,0,0,0,0,0,0,0,0,0,0,0,0,0,0,0,86,0,0,0,0,0,0,0,0,0,0,0,0,0,0,0
"MEG_6632|Drugs|Sulfonamides|Sulfonamide-resistant_dihydropteroate_synthases|SULII","Sulfonamides","Sulfonamide-resistant dihydropteroate synthases","SULII",0,0,0,0,0,0,0,0,0,0,0,0,0,0,0,13,0,0,0,0,0,0,0,0,0,0,0,0,0,0,0,0,0,0,0,0,0,0,0,0,0,0,0,0,0,0,0,0,0,0,0,0,0,0,0,0,0,0,0,0,0,0,0,0,0,9,0,0,0,13,0,0,0,0,0,0,0,0,0,0,0,0,8,0,111,0,0,0,0,0,0,0,0,0,0,0,0,0,0,0
"MEG_6633|Drugs|Sulfonamides|Sulfonamide-resistant_dihydropteroate_synthases|SULII","Sulfonamides","Sulfonamide-resistant dihydropteroate synthases","SULII",0,0,0,0,0,0,0,0,0,0,0,0,0,0,0,20,0,0,0,0,0,0,0,0,0,0,0,0,0,0,0,0,0,0,0,0,0,0,0,0,0,0,0,0,0,0,0,0,0,0,0,0,0,0,0,0,0,0,0,0,0,0,0,0,0,0,0,0,0,0,0,0,0,0,0,0,0,0,0,0,0,0,0,0,80,0,0,0,0,0,0,0,0,0,0,0,0,0,0,0
"MEG_6634|Drugs|Sulfonamides|Sulfonamide-resistant_dihydropteroate_synthases|SULII","Sulfonamides","Sulfonamide-resistant dihydropteroate synthases","SULII",0,0,0,0,0,0,0,0,0,0,0,0,0,0,0,14,0,0,0,0,0,0,0,0,0,0,0,0,0,0,0,0,0,0,0,0,0,0,0,0,0,0,0,0,0,0,0,0,0,0,0,0,0,0,0,0,0,0,0,0,0,0,0,0,0,0,0,0,0,0,0,0,0,0,0,0,0,0,0,0,0,0,0,0,115,0,0,0,0,0,0,0,0,0,0,0,16,0,0,0
"MEG_6636|Drugs|Sulfonamides|Sulfonamide-resistant_dihydropteroate_synthases|SULII","Sulfonamides","Sulfonamide-resistant dihydropteroate synthases","SULII",0,0,0,0,0,0,0,0,0,0,0,0,0,0,0,0,0,0,0,0,0,0,0,0,0,0,0,0,0,0,0,0,0,0,0,0,0,0,0,0,0,0,0,0,0,0,0,0,0,0,0,0,0,0,0,0,0,0,0,0,0,0,0,0,0,0,0,0,0,0,0,0,0,0,0,0,0,0,0,0,0,0,0,0,83,0,0,0,0,0,0,0,0,0,0,0,0,0,0,0
"MEG_6637|Drugs|Sulfonamides|Sulfonamide-resistant_dihydropteroate_synthases|SULII","Sulfonamides","Sulfonamide-resistant dihydropteroate synthases","SULII",0,0,0,0,0,0,0,0,0,0,0,0,0,0,0,0,0,0,0,0,0,0,0,0,0,0,0,0,0,0,0,0,0,0,0,0,0,0,0,0,0,0,0,0,0,0,0,0,0,0,0,0,0,0,0,0,0,0,0,0,0,0,0,0,0,0,0,0,0,0,0,0,0,0,0,0,0,0,0,0,0,0,0,0,90,0,0,0,0,0,0,0,0,0,0,0,0,0,0,0
"MEG_6638|Drugs|Sulfonamides|Sulfonamide-resistant_dihydropteroate_synthases|SULII","Sulfonamides","Sulfonamide-resistant dihydropteroate synthases","SULII",0,0,0,0,0,0,0,0,0,0,0,0,0,0,0,16,0,0,0,0,0,0,0,0,0,0,0,0,0,0,0,0,0,0,0,0,0,0,0,0,0,0,0,0,0,0,0,0,0,0,0,0,0,0,0,0,0,0,0,0,0,0,0,0,0,15,0,0,0,0,0,0,0,0,0,0,0,0,0,0,0,0,0,0,113,0,0,0,0,0,0,0,0,0,0,0,19,0,0,0
"MEG_6969|Drugs|Tetracyclines|Tetracycline_resistance_ribosomal_protection_proteins|TET32","Tetracyclines","Tetracycline resistance ribosomal protection proteins","TET32",0,0,0,0,0,0,0,0,0,0,0,0,0,0,0,0,0,0,0,0,0,0,0,0,0,0,0,0,0,0,0,0,0,0,0,0,0,0,0,0,0,30,0,0,0,0,0,0,0,0,0,0,0,0,0,0,0,0,0,0,0,0,0,0,0,0,0,0,0,0,0,0,0,34,0,0,0,0,0,0,0,0,0,0,0,0,0,0,0,0,0,0,0,0,0,0,0,0,0,0
"MEG_6970|Drugs|Tetracyclines|Tetracycline_resistance_ribosomal_protection_proteins|TET32","Tetracyclines","Tetracycline resistance ribosomal protection proteins","TET32",0,0,0,0,0,0,128,0,0,0,0,0,0,0,246,0,70,108,0,0,0,0,0,0,0,0,61,0,0,0,0,0,0,56,0,0,0,0,0,0,0,42,64,0,0,0,0,79,0,0,0,0,66,0,0,0,0,0,0,37,0,0,0,0,0,0,0,0,0,0,0,0,36,166,0,0,0,0,0,0,91,0,0,61,49,0,0,0,0,0,0,0,0,0,0,0,0,0,0,0
"MEG_6971|Drugs|Tetracyclines|Tetracycline_resistance_ribosomal_protection_proteins|TET32","Tetracyclines","Tetracycline resistance ribosomal protection proteins","TET32",0,0,0,0,0,0,0,0,0,0,0,0,0,0,0,0,0,0,0,0,0,0,0,0,0,0,0,0,0,0,0,0,0,0,0,0,0,0,0,0,0,0,0,0,0,0,0,0,0,0,0,0,0,0,0,0,0,0,0,0,0,0,0,0,0,0,0,0,0,0,0,0,0,70,0,0,51,0,0,0,0,0,0,0,0,0,0,0,0,0,0,0,0,0,0,0,0,0,0,0
"MEG_6991|Drugs|Tetracyclines|Tetracycline_resistance_ribosomal_protection_proteins|TET40","Tetracyclines","Tetracycline resistance ribosomal protection proteins","TET40",744,0,90,33,40,81,0,0,0,0,0,0,0,23,67,0,40,28,0,14,185,71,0,0,61,0,28,18,0,0,0,29,0,28,18,17,0,0,0,27,22,0,63,0,0,0,0,29,94,0,0,88,19,46,0,0,0,0,667,0,0,37,0,0,0,0,30,0,65,0,0,52,43,23,0,0,0,0,0,50,0,0,0,0,33,0,187,0,0,156,44,0,0,0,0,0,35,77,0,0
"MEG_6992|Drugs|Tetracyclines|Tetracycline_resistance_ribosomal_protection_proteins|TET40","Tetracyclines","Tetracycline resistance ribosomal protection proteins","TET40",378,0,0,0,0,0,0,0,0,0,0,0,0,0,0,0,0,0,0,0,121,0,0,0,0,0,0,0,0,0,0,0,0,0,0,0,0,0,0,0,0,0,26,0,0,0,0,0,0,0,0,0,0,0,0,0,0,0,357,0,0,0,0,0,0,0,0,0,0,0,0,0,0,0,0,0,0,0,0,0,0,0,0,0,0,0,115,0,0,42,0,0,0,0,0,0,0,0,0,0
"MEG_6993|Drugs|Tetracyclines|Tetracycline_resistance_ribosomal_protection_proteins|TET40","Tetracyclines","Tetracycline resistance ribosomal protection proteins","TET40",374,0,0,0,0,0,0,0,0,0,0,0,0,0,17,0,0,0,0,0,126,0,0,0,0,0,0,0,0,0,0,0,0,0,0,0,0,0,0,0,0,0,32,0,0,21,0,19,0,0,0,0,0,0,0,0,0,0,360,0,0,0,0,0,0,0,0,0,0,0,0,0,0,0,0,0,0,0,0,0,19,0,0,0,0,0,129,0,0,0,0,0,0,0,0,0,0,0,0,0
"MEG_6994|Drugs|Tetracyclines|Tetracycline_resistance_ribosomal_protection_proteins|TET40","Tetracyclines","Tetracycline resistance ribosomal protection proteins","TET40",564,0,34,0,0,24,0,0,0,0,0,0,0,0,19,0,22,0,0,0,134,40,0,0,26,0,25,0,0,0,0,0,0,0,0,0,0,0,0,0,0,0,55,0,0,0,0,23,57,0,0,39,0,0,0,0,0,0,531,0,0,0,0,0,0,0,0,0,36,0,0,0,0,0,0,0,0,0,0,47,16,0,0,0,0,0,155,0,0,79,15,0,0,0,0,0,27,45,0,0
"MEG_6997|Drugs|Tetracyclines|Tetracycline_resistance_ribosomal_protection_proteins|TET44","Tetracyclines","Tetracycline resistance ribosomal protection proteins","TET44",2271,0,418,889,348,0,205,167,0,0,138,405,0,594,279,70,284,129,0,313,516,0,228,0,48,281,299,564,433,0,0,247,0,221,159,203,0,232,0,370,4701,330,322,0,0,490,0,494,331,0,187,41,385,35,0,0,0,0,1502,234,0,191,231,0,0,178,243,0,0,401,311,0,127,383,0,0,88,184,0,0,145,371,480,391,79,0,742,0,0,391,213,102,371,0,0,0,536,66,0,0
"MEG_6998|Drugs|Tetracyclines|Tetracycline_resistance_ribosomal_protection_proteins|TET44","Tetracyclines","Tetracycline resistance ribosomal protection proteins","TET44",2331,0,503,853,305,0,217,179,0,0,128,458,0,444,274,52,366,106,0,307,527,0,227,0,0,342,287,449,371,0,0,238,0,230,130,281,0,226,0,234,3335,305,300,0,0,493,0,492,225,0,258,0,392,0,0,0,104,0,1608,224,0,208,287,0,0,128,218,0,0,316,268,0,115,367,0,0,43,215,0,0,106,362,450,300,113,0,734,0,0,347,182,101,362,0,0,0,508,44,0,0
"MEG_7050|Drugs|Tetracyclines|Tetracycline_resistance_MFS_efflux_pumps|TETB","Tetracyclines","Tetracycline resistance MFS efflux pumps","TETB",0,0,0,0,0,0,0,0,0,0,0,0,0,0,0,0,0,0,0,0,0,0,0,0,0,0,0,0,0,0,0,0,0,0,0,0,0,0,0,0,0,0,0,0,0,0,0,0,0,0,0,0,0,0,0,0,0,0,0,0,0,0,0,0,0,0,0,0,0,0,0,0,0,0,0,0,190,0,0,0,0,0,0,0,0,0,0,0,0,0,0,0,0,0,0,0,0,0,0,0
"MEG_7149|Drugs|Tetracyclines|Tetracycline_resistance_ribosomal_protection_proteins|TETO","Tetracyclines","Tetracycline resistance ribosomal protection proteins","TETO",279,0,35,49,23,0,53,57,0,0,18,70,0,51,37,29,37,0,0,66,0,0,30,0,0,70,25,68,0,0,0,39,0,87,51,158,0,45,0,69,71,76,80,0,0,66,0,151,50,0,49,0,99,0,0,0,0,137,243,0,0,42,22,0,0,62,47,0,0,965,79,0,0,100,0,0,64,0,0,0,0,114,63,76,61,0,0,0,0,72,37,39,114,0,0,0,28,0,0,0
"MEG_7150|Drugs|Tetracyclines|Tetracycline_resistance_ribosomal_protection_proteins|TETO","Tetracyclines","Tetracycline resistance ribosomal protection proteins","TETO",183,0,31,0,40,0,67,62,0,0,0,40,0,62,0,0,114,0,0,310,0,0,0,0,0,58,0,30,0,0,0,0,0,94,51,0,0,0,0,52,0,60,144,0,0,92,0,111,0,0,0,0,71,0,0,0,0,0,165,0,84,0,0,0,0,78,0,0,0,326,42,0,69,98,0,0,56,0,0,0,0,127,0,94,51,0,0,0,0,45,38,0,127,0,0,0,54,0,0,0
"MEG_7151|Drugs|Tetracyclines|Tetracycline_resistance_ribosomal_protection_proteins|TETO","Tetracyclines","Tetracycline resistance ribosomal protection proteins","TETO",287,0,35,0,0,0,0,0,0,0,0,0,0,40,31,0,35,0,0,33,0,0,0,0,0,0,0,23,0,0,0,0,0,60,33,107,0,30,0,51,50,50,94,0,0,0,0,76,0,0,37,0,52,0,0,0,0,93,222,0,0,0,0,0,0,61,21,0,0,534,65,0,28,52,0,0,62,0,0,0,0,75,31,41,0,0,0,0,0,0,0,0,75,0,0,0,0,0,0,0
"MEG_7152|Drugs|Tetracyclines|Tetracycline_resistance_ribosomal_protection_proteins|TETO","Tetracyclines","Tetracycline resistance ribosomal protection proteins","TETO",215,0,49,29,34,0,48,0,0,0,0,0,0,57,0,0,0,0,0,59,0,0,0,0,0,0,0,0,0,0,0,0,0,71,0,120,0,0,0,49,0,80,88,0,0,63,0,114,0,0,0,0,82,0,0,0,0,0,175,0,0,0,0,0,0,0,0,0,0,833,54,0,0,92,0,0,72,0,0,0,0,103,43,0,0,0,0,0,0,39,0,36,103,0,0,0,0,0,0,0
"MEG_7153|Drugs|Tetracyclines|Tetracycline_resistance_ribosomal_protection_proteins|TETO","Tetracyclines","Tetracycline resistance ribosomal protection proteins","TETO",277,0,35,0,0,0,49,36,0,0,0,36,0,48,0,0,0,0,0,39,0,0,31,0,0,43,0,42,0,0,0,38,0,34,23,143,0,0,0,72,70,61,85,0,0,54,0,115,41,0,38,0,72,0,0,0,0,99,223,0,0,24,0,0,0,41,0,0,0,732,55,0,24,88,0,0,78,0,0,0,0,61,30,51,28,0,0,0,0,51,0,31,61,0,0,0,23,0,0,0
"MEG_7154|Drugs|Tetracyclines|Tetracycline_resistance_ribosomal_protection_proteins|TETO","Tetracyclines","Tetracycline resistance ribosomal protection proteins","TETO",347,0,53,0,55,0,49,60,0,0,0,54,0,72,56,0,26,0,0,66,0,0,44,0,0,63,42,53,0,0,0,36,0,75,0,206,0,44,0,55,68,92,107,0,0,94,0,143,49,0,63,0,102,0,0,0,0,123,290,0,0,0,0,0,0,72,57,0,0,1171,113,0,0,107,0,0,87,44,0,0,45,119,46,75,0,0,0,0,0,72,0,46,119,0,0,0,43,0,0,0
"MEG_7155|Drugs|Tetracyclines|Tetracycline_resistance_ribosomal_protection_proteins|TETO","Tetracyclines","Tetracycline resistance ribosomal protection proteins","TETO",179,0,0,0,0,0,0,0,0,0,0,0,0,0,0,0,0,0,0,0,0,0,0,0,0,0,0,0,0,0,0,0,0,0,0,0,0,0,0,0,0,0,56,0,0,0,0,93,0,0,0,0,0,0,0,0,0,0,0,0,0,0,0,0,0,0,0,0,0,547,0,0,0,0,0,0,0,0,0,0,0,0,0,0,0,0,0,0,0,0,0,0,0,0,0,0,0,0,0,0
"MEG_7156|Drugs|Tetracyclines|Tetracycline_resistance_ribosomal_protection_proteins|TETO","Tetracyclines","Tetracycline resistance ribosomal protection proteins","TETO",259,0,46,45,39,0,44,71,0,0,0,58,0,0,0,31,0,0,0,59,0,0,0,0,0,45,34,52,0,0,0,0,0,92,49,199,0,53,0,53,72,75,115,0,0,101,0,145,39,0,48,0,82,0,0,0,0,132,159,0,0,51,0,0,0,0,33,0,0,1325,86,0,45,95,0,0,82,0,0,0,0,115,46,61,42,0,0,0,0,48,39,44,115,0,0,0,0,0,0,0
"MEG_7157|Drugs|Tetracyclines|Tetracycline_resistance_ribosomal_protection_proteins|TETO","Tetracyclines","Tetracycline resistance ribosomal protection proteins","TETO",210,0,0,34,44,0,48,93,0,0,0,61,0,42,50,0,50,0,0,0,0,0,0,0,0,60,0,0,43,0,0,44,0,62,68,55,0,35,0,0,225,47,197,0,0,49,0,98,0,0,0,0,81,0,0,0,0,0,156,0,0,0,0,0,0,29,67,0,0,165,45,0,25,104,0,0,0,0,0,0,0,81,53,97,0,0,0,0,0,0,31,33,81,0,0,0,51,0,0,0
"MEG_7158|Drugs|Tetracyclines|Tetracycline_resistance_ribosomal_protection_proteins|TETO","Tetracyclines","Tetracycline resistance ribosomal protection proteins","TETO",186,0,38,21,38,0,52,53,0,0,0,77,0,51,51,32,41,0,0,0,0,0,29,0,0,47,0,48,0,0,0,57,0,75,62,57,0,43,0,27,278,68,193,0,0,55,0,149,0,0,32,0,91,0,0,0,0,0,149,0,0,34,0,0,0,41,0,0,0,289,64,0,0,91,0,0,0,0,0,0,0,88,47,78,32,0,0,0,0,81,0,41,88,0,0,0,0,0,0,0
"MEG_7159|Drugs|Tetracyclines|Tetracycline_resistance_ribosomal_protection_proteins|TETO","Tetracyclines","Tetracycline resistance ribosomal protection proteins","TETO",187,0,0,0,35,0,67,64,0,0,0,61,0,52,64,0,34,29,0,54,0,0,35,0,0,61,40,72,0,0,0,44,0,86,61,73,0,67,0,44,349,63,186,0,0,77,0,173,30,0,49,0,140,0,0,0,0,0,168,0,0,45,27,0,0,36,49,0,0,357,74,0,43,110,0,0,48,0,0,0,45,92,44,87,0,0,0,0,0,66,50,31,92,0,0,0,52,0,0,0
"MEG_7160|Drugs|Tetracyclines|Tetracycline_resistance_ribosomal_protection_proteins|TETO","Tetracyclines","Tetracycline resistance ribosomal protection proteins","TETO",265,0,56,0,0,0,0,55,0,0,0,52,0,42,31,0,0,0,0,50,0,0,31,0,0,49,26,41,0,0,0,0,0,36,35,117,0,0,0,54,47,42,82,0,0,47,0,90,32,0,49,0,75,0,0,0,0,97,230,0,0,0,0,0,0,39,27,0,0,636,57,0,0,66,0,0,58,0,0,0,0,84,0,48,35,0,0,0,0,26,0,33,84,0,0,0,0,0,0,0
"MEG_7161|Drugs|Tetracyclines|Tetracycline_resistance_ribosomal_protection_proteins|TETO","Tetracyclines","Tetracycline resistance ribosomal protection proteins","TETO",211,0,62,41,50,0,93,78,0,0,0,60,0,84,48,0,41,0,0,65,0,0,70,0,0,50,27,48,0,0,0,40,0,83,46,125,0,35,0,63,106,70,150,0,0,123,0,161,35,0,55,0,161,0,0,0,0,0,174,0,0,70,26,0,0,51,175,0,0,823,105,0,0,99,0,0,0,0,0,0,0,140,48,128,45,0,0,0,0,38,58,37,140,0,0,0,123,0,0,0
"MEG_7162|Drugs|Tetracyclines|Tetracycline_resistance_ribosomal_protection_proteins|TETO","Tetracyclines","Tetracycline resistance ribosomal protection proteins","TETO",230,0,0,33,39,0,69,93,0,0,0,73,0,69,77,0,45,42,0,34,0,0,58,0,0,79,48,32,0,0,0,71,0,109,79,59,0,59,0,38,406,73,221,0,0,69,0,125,0,0,28,0,103,0,0,0,0,0,161,32,0,34,22,0,0,54,68,0,0,145,78,0,51,104,0,0,0,0,0,0,39,77,69,111,36,0,0,0,0,77,34,42,77,0,0,0,0,0,0,0
"MEG_7163|Drugs|Tetracyclines|Tetracycline_resistance_ribosomal_protection_proteins|TETO","Tetracyclines","Tetracycline resistance ribosomal protection proteins","TETO",1167,0,117,223,60,47,62,56,0,0,0,120,0,123,117,46,209,51,0,179,344,343,62,0,57,93,79,149,112,0,0,72,0,85,0,149,0,104,0,116,286,115,186,0,261,107,0,129,853,0,162,0,74,0,0,0,0,0,1024,64,0,90,96,0,0,88,46,0,54,119,112,0,107,112,0,0,0,0,0,59,133,82,147,91,153,0,374,0,0,145,62,0,82,0,0,0,83,64,0,0
"MEG_7164|Drugs|Tetracyclines|Tetracycline_resistance_ribosomal_protection_proteins|TETO","Tetracyclines","Tetracycline resistance ribosomal protection proteins","TETO",194,0,0,0,0,0,50,0,0,0,0,72,0,64,0,0,0,0,0,49,0,0,0,0,0,0,0,36,0,0,0,0,0,45,29,103,0,0,0,60,70,63,93,0,0,57,0,116,44,0,0,0,74,0,0,0,0,0,166,0,0,0,0,0,0,0,29,0,0,571,50,0,0,0,0,0,0,0,0,0,0,58,41,44,0,0,0,0,0,40,0,26,58,0,0,0,0,0,0,0
"MEG_7165|Drugs|Tetracyclines|Tetracycline_resistance_ribosomal_protection_proteins|TETO","Tetracyclines","Tetracycline resistance ribosomal protection proteins","TETO",171,0,36,28,0,0,35,50,0,0,0,0,0,44,0,0,34,0,0,50,0,0,36,0,0,0,0,47,0,0,0,35,0,57,0,140,0,23,0,114,59,55,99,0,0,56,0,133,54,0,0,0,77,0,0,0,0,88,192,0,0,28,27,0,0,34,0,0,0,720,56,0,0,62,0,0,54,0,0,0,0,67,35,45,34,0,0,0,0,37,37,35,67,0,0,0,25,0,0,0
"MEG_7166|Drugs|Tetracyclines|Tetracycline_resistance_ribosomal_protection_proteins|TETO","Tetracyclines","Tetracycline resistance ribosomal protection proteins","TETO",0,0,31,0,0,0,35,42,0,0,0,99,0,27,0,0,0,0,0,0,0,0,24,0,0,0,0,34,0,0,0,0,0,0,0,123,0,0,0,48,51,42,95,0,0,49,0,73,0,0,34,0,60,0,0,0,0,146,157,0,0,0,0,0,0,0,0,0,0,0,59,0,0,63,0,0,0,0,0,0,0,0,30,40,0,0,0,0,0,32,0,0,0,0,0,0,0,0,0,0
"MEG_7167|Drugs|Tetracyclines|Tetracycline_resistance_ribosomal_protection_proteins|TETO","Tetracyclines","Tetracycline resistance ribosomal protection proteins","TETO",360,0,0,0,0,0,0,0,0,0,0,0,0,0,0,0,0,0,0,0,0,0,0,0,0,0,0,0,0,0,0,0,0,0,0,0,0,0,0,0,0,0,0,0,0,0,0,0,0,0,0,0,0,0,0,0,0,0,299,0,0,0,0,0,0,0,0,0,0,0,0,0,0,0,0,0,0,0,0,0,0,0,0,0,0,0,0,0,0,0,0,0,0,0,0,0,0,0,0,0
"MEG_7168|Drugs|Tetracyclines|Tetracycline_resistance_ribosomal_protection_proteins|TETO","Tetracyclines","Tetracycline resistance ribosomal protection proteins","TETO",1179,0,69,129,0,0,33,0,0,0,37,363,0,110,55,0,366,0,0,82,349,587,70,0,70,113,69,286,143,0,0,70,0,0,75,69,0,76,0,146,224,89,1551,0,392,74,0,101,326,0,437,68,77,62,0,0,0,0,1072,66,0,78,70,0,0,77,63,0,41,189,81,0,114,76,0,95,55,0,0,51,468,104,118,74,302,0,396,0,0,149,0,0,104,0,0,0,83,72,0,0
"MEG_7169|Drugs|Tetracyclines|Tetracycline_resistance_ribosomal_protection_proteins|TETO","Tetracyclines","Tetracycline resistance ribosomal protection proteins","TETO",1204,0,98,193,67,40,58,60,0,0,23,131,0,95,99,0,176,40,0,141,345,259,76,0,50,91,83,142,76,0,0,71,0,0,66,102,0,80,0,82,205,155,125,0,0,102,0,142,626,0,145,52,80,0,0,0,0,0,1107,66,0,94,78,0,0,87,0,0,0,111,89,0,79,82,0,68,0,0,0,40,121,81,99,87,122,0,390,0,0,124,72,54,81,0,0,0,82,52,0,0
"MEG_7170|Drugs|Tetracyclines|Tetracycline_resistance_ribosomal_protection_proteins|TETO","Tetracyclines","Tetracycline resistance ribosomal protection proteins","TETO",1207,0,93,224,85,0,72,52,0,0,0,171,0,135,133,51,188,49,0,207,375,396,95,0,52,75,63,164,101,0,0,75,0,86,85,137,0,87,0,126,278,133,181,0,264,126,0,143,824,0,173,56,71,0,0,0,0,0,1141,67,0,95,114,0,0,85,63,0,42,142,94,0,147,115,0,91,41,0,0,0,117,95,205,115,167,0,385,0,0,152,83,50,95,0,0,0,93,65,0,0
"MEG_7171|Drugs|Tetracyclines|Tetracycline_resistance_ribosomal_protection_proteins|TETO","Tetracyclines","Tetracycline resistance ribosomal protection proteins","TETO",0,0,0,0,0,0,0,0,0,0,0,0,0,0,0,0,0,0,0,0,0,0,0,0,0,0,0,0,0,0,0,0,0,0,0,0,0,0,0,29,0,0,51,0,0,0,0,48,0,0,0,0,0,0,0,0,0,0,0,0,0,0,0,0,0,0,0,0,0,0,0,0,28,0,0,0,0,0,0,0,0,0,0,0,0,0,0,0,0,0,0,0,0,0,0,0,0,0,0,0
"MEG_7172|Drugs|Tetracyclines|Tetracycline_resistance_ribosomal_protection_proteins|TETO","Tetracyclines","Tetracycline resistance ribosomal protection proteins","TETO",500,0,0,0,0,0,0,0,0,0,0,68,0,0,0,0,0,0,0,0,0,0,0,0,0,0,0,0,0,0,0,0,0,0,0,0,0,0,0,0,0,0,0,0,0,0,0,0,0,0,0,0,0,0,0,0,0,0,445,0,0,0,0,0,0,0,0,0,0,0,0,0,0,0,0,0,0,0,0,0,0,0,0,0,0,0,0,0,0,0,0,0,0,0,0,0,0,0,0,0
"MEG_7173|Drugs|Tetracyclines|Tetracycline_resistance_ribosomal_protection_proteins|TETO","Tetracyclines","Tetracycline resistance ribosomal protection proteins","TETO",1072,0,96,202,74,0,73,0,0,0,0,107,0,89,112,46,137,0,0,179,316,343,0,0,0,66,0,0,100,0,0,0,0,76,60,118,0,0,0,102,217,106,136,0,0,105,0,117,620,0,153,0,61,0,0,0,0,0,965,61,0,65,83,0,0,0,38,0,0,95,0,0,93,84,0,53,47,0,0,0,99,93,143,122,112,0,378,0,0,142,74,0,93,0,0,0,69,0,0,0
"MEG_7174|Drugs|Tetracyclines|Tetracycline_resistance_ribosomal_protection_proteins|TETO","Tetracyclines","Tetracycline resistance ribosomal protection proteins","TETO",945,0,0,0,0,0,0,45,0,0,0,78,0,0,67,0,75,0,0,69,310,195,0,0,0,0,0,0,0,0,0,0,0,0,0,0,0,0,0,0,0,0,101,0,0,52,0,0,227,0,0,0,0,0,0,0,0,0,854,0,0,0,0,0,0,0,0,0,0,0,0,0,0,35,0,0,0,0,0,0,0,0,0,59,0,0,328,0,0,91,0,0,0,0,0,0,0,0,0,0
"MEG_7175|Drugs|Tetracyclines|Tetracycline_resistance_ribosomal_protection_proteins|TETO","Tetracyclines","Tetracycline resistance ribosomal protection proteins","TETO",610,0,38,0,0,0,26,0,0,0,0,181,0,0,0,0,132,0,0,52,0,0,0,0,0,87,0,117,0,0,0,33,0,38,0,42,0,39,0,89,126,0,589,0,0,32,0,69,0,0,199,0,47,0,0,0,0,0,565,0,0,0,40,0,0,47,0,0,0,177,0,0,0,47,0,0,0,0,0,0,0,74,56,44,0,0,250,0,0,0,0,0,74,0,0,0,0,0,0,0
"MEG_7176|Drugs|Tetracyclines|Tetracycline_resistance_ribosomal_protection_proteins|TETO","Tetracyclines","Tetracycline resistance ribosomal protection proteins","TETO",1198,0,74,146,67,0,48,0,0,0,0,389,0,105,49,0,414,21,0,90,373,572,66,0,0,127,65,310,150,0,0,56,0,88,75,72,0,64,0,155,249,92,1622,0,393,79,0,119,346,0,448,62,45,68,0,0,0,0,1107,78,0,70,90,0,0,75,71,0,74,208,77,0,129,65,0,138,58,0,0,60,471,112,127,108,246,0,362,0,0,155,74,0,112,0,0,0,82,0,0,0
"MEG_7177|Drugs|Tetracyclines|Tetracycline_resistance_ribosomal_protection_proteins|TETO","Tetracyclines","Tetracycline resistance ribosomal protection proteins","TETO",437,0,0,0,0,0,0,0,0,0,0,0,0,0,0,0,0,0,0,0,0,0,0,0,0,0,0,0,0,0,0,0,0,0,0,0,0,0,0,0,0,0,0,0,0,0,0,0,0,0,0,0,0,0,0,0,0,0,0,0,0,0,0,0,0,0,0,0,0,0,0,0,0,0,0,0,0,0,0,0,0,0,0,0,0,0,0,0,0,0,0,0,0,0,0,0,0,0,0,0
"MEG_7178|Drugs|Tetracyclines|Tetracycline_resistance_ribosomal_protection_proteins|TETQ","Tetracyclines","Tetracycline resistance ribosomal protection proteins","TETQ",7118,0,947,1733,318,98,729,120,0,0,149,1176,0,754,508,3679,2005,220,0,2888,2511,982,359,0,0,255,437,5420,4188,0,0,659,0,375,672,595,0,686,0,1517,1312,1354,1731,0,2957,150,0,540,1398,0,3014,129,379,0,0,0,0,0,5917,125,0,624,1038,0,0,2593,1078,0,0,3231,1118,0,1498,209,0,3708,178,0,0,91,2824,506,1052,450,4288,0,3107,0,0,283,357,944,506,0,0,0,352,141,0,0
"MEG_7179|Drugs|Tetracyclines|Tetracycline_resistance_ribosomal_protection_proteins|TETQ","Tetracyclines","Tetracycline resistance ribosomal protection proteins","TETQ",3882,0,492,930,242,0,412,0,0,0,83,596,0,353,245,2118,884,108,0,1278,1276,401,185,0,58,110,285,2880,1965,0,0,432,0,307,293,388,0,364,0,789,782,804,1393,0,1802,129,0,254,654,0,1462,0,177,59,0,0,0,0,3124,0,0,1015,439,0,0,1283,590,0,0,2128,617,0,831,241,0,736,130,0,0,68,1461,298,623,247,1880,0,1748,0,0,146,142,482,298,0,0,0,496,83,0,0
"MEG_7180|Drugs|Tetracyclines|Tetracycline_resistance_ribosomal_protection_proteins|TETQ","Tetracyclines","Tetracycline resistance ribosomal protection proteins","TETQ",3775,0,492,1042,201,60,398,0,0,0,101,689,0,349,200,2789,913,93,0,1394,1450,349,212,0,0,122,314,3191,2109,0,0,480,0,294,289,453,0,370,0,769,325,833,364,0,1911,92,0,241,661,0,1349,0,182,79,0,0,0,0,3080,0,0,1250,512,0,0,1501,540,0,54,2400,695,0,856,224,0,546,113,0,0,0,1473,238,500,270,1535,0,1724,0,0,115,136,353,238,0,0,0,481,67,0,0
"MEG_7181|Drugs|Tetracyclines|Tetracycline_resistance_ribosomal_protection_proteins|TETQ","Tetracyclines","Tetracycline resistance ribosomal protection proteins","TETQ",4905,0,797,1482,370,126,617,72,0,0,119,910,0,653,391,4367,1686,198,0,1934,1582,635,288,0,0,171,466,4534,3140,0,0,701,0,424,495,700,0,577,0,1248,1281,1322,1482,0,1799,215,0,496,1107,0,2354,98,280,125,0,0,0,0,3976,69,0,1580,669,0,0,2038,1036,0,118,3771,979,0,1610,345,0,984,176,0,0,113,1965,384,1114,392,2627,0,2011,0,0,275,240,812,384,0,0,0,723,123,0,0
"MEG_7182|Drugs|Tetracyclines|Tetracycline_resistance_ribosomal_protection_proteins|TETQ","Tetracyclines","Tetracycline resistance ribosomal protection proteins","TETQ",4977,0,697,1541,378,0,653,0,0,0,130,835,0,640,391,3918,1702,168,0,1827,1599,657,280,0,0,177,419,4123,3076,0,0,700,0,435,430,604,0,530,0,1311,1645,1263,2292,0,1849,233,0,432,1166,0,2256,0,298,0,0,0,0,0,4186,0,0,1272,648,0,0,1938,1008,0,0,3555,840,0,1663,430,0,1093,202,0,0,0,2073,420,1227,454,2965,0,1890,0,0,315,248,824,420,0,0,0,681,144,0,0
"MEG_7183|Drugs|Tetracyclines|Tetracycline_resistance_ribosomal_protection_proteins|TETQ","Tetracyclines","Tetracycline resistance ribosomal protection proteins","TETQ",33627,0,1894,6930,2056,1239,2177,285,0,0,537,4420,0,4090,1455,17508,10223,711,0,5696,6638,4940,1024,0,1127,792,1587,10602,17920,0,0,2855,0,1695,1339,2062,0,2268,0,5888,15630,4402,27449,0,12307,1850,0,2225,4549,0,8323,1141,1031,1118,0,0,0,0,28106,383,0,1660,2237,0,0,3377,5294,0,1192,13544,2041,0,11221,2101,0,13894,798,0,0,1219,9423,2116,9176,1829,11193,0,8431,0,0,2123,1473,5594,2116,0,0,0,2215,1466,0,0
"MEG_7184|Drugs|Tetracyclines|Tetracycline_resistance_ribosomal_protection_proteins|TETQ","Tetracyclines","Tetracycline resistance ribosomal protection proteins","TETQ",5312,0,594,906,183,101,1018,75,0,0,89,591,0,372,289,2098,1008,119,0,1147,1882,502,139,0,94,159,178,2650,2475,0,0,279,0,361,262,288,0,272,0,789,561,711,581,0,2617,103,0,257,883,0,1667,94,365,86,0,0,0,0,4462,59,0,300,404,0,0,890,413,0,76,1670,658,0,949,165,0,1219,636,0,0,73,1226,230,597,297,2815,0,2288,0,0,209,120,338,230,0,0,0,151,88,0,0
"MEG_7206|Drugs|Tetracyclines|Tetracycline_resistance_ribosomal_protection_proteins|TETW","Tetracyclines","Tetracycline resistance ribosomal protection proteins","TETW",706,0,0,0,0,0,0,0,0,0,0,179,0,0,0,0,0,0,0,0,306,0,0,0,0,0,0,0,0,0,0,0,0,0,0,0,0,0,0,0,106,0,574,0,0,0,0,0,112,0,0,0,0,0,0,0,0,0,687,0,0,0,0,0,0,0,0,0,0,86,0,0,0,0,0,0,0,0,0,0,0,0,0,0,0,0,319,0,0,0,0,0,0,0,0,0,0,0,0,0
"MEG_7207|Drugs|Tetracyclines|Tetracycline_resistance_ribosomal_protection_proteins|TETW","Tetracyclines","Tetracycline resistance ribosomal protection proteins","TETW",826,0,67,0,38,0,0,0,0,0,0,218,0,46,0,0,212,0,0,49,281,391,0,0,0,67,0,0,0,0,0,0,0,52,58,50,0,42,0,107,159,46,869,0,0,59,0,70,203,0,289,0,40,0,0,0,0,0,752,0,0,44,0,0,0,32,0,0,0,181,53,0,92,50,0,0,31,0,0,0,279,75,83,55,198,0,297,0,0,0,38,0,75,0,0,0,65,0,0,0
"MEG_7210|Drugs|Tetracyclines|Tetracycline_resistance_ribosomal_protection_proteins|TETW","Tetracyclines","Tetracycline resistance ribosomal protection proteins","TETW",1457,0,128,268,101,48,68,66,0,0,0,149,0,163,138,70,273,60,0,185,448,400,126,0,64,125,126,225,143,0,0,86,0,107,93,160,0,86,0,136,324,140,247,0,240,134,0,153,904,0,204,64,94,84,0,0,0,0,1240,0,0,132,97,0,0,95,76,0,84,147,117,0,186,132,0,96,0,0,0,61,135,113,228,126,192,0,458,0,0,206,95,78,113,0,0,0,135,77,0,0
"MEG_7211|Drugs|Tetracyclines|Tetracycline_resistance_ribosomal_protection_proteins|TETW","Tetracyclines","Tetracycline resistance ribosomal protection proteins","TETW",1468,0,153,340,102,77,96,86,0,0,45,201,0,190,161,102,311,72,0,265,415,559,117,0,98,100,138,307,150,0,0,130,0,129,93,201,0,120,0,173,413,187,344,0,272,192,0,218,1223,0,269,82,86,61,0,0,0,0,1310,73,0,168,148,0,0,144,81,0,83,182,147,0,179,205,0,87,52,0,0,0,149,110,304,106,244,0,459,0,0,270,130,98,110,0,0,0,127,98,0,0
"MEG_7212|Drugs|Tetracyclines|Tetracycline_resistance_ribosomal_protection_proteins|TETW","Tetracyclines","Tetracycline resistance ribosomal protection proteins","TETW",1912,0,180,316,137,111,83,75,0,0,37,219,0,229,155,71,311,72,0,261,495,641,142,0,104,139,152,337,136,0,0,123,0,186,113,223,0,130,0,219,347,218,310,0,348,148,0,255,1186,0,273,0,121,138,0,0,0,0,1780,95,0,187,137,0,0,176,120,0,122,219,150,0,203,168,0,134,63,0,0,142,189,141,326,192,239,0,576,0,0,202,152,82,141,0,0,0,182,141,0,0
"MEG_7213|Drugs|Tetracyclines|Tetracycline_resistance_ribosomal_protection_proteins|TETW","Tetracyclines","Tetracycline resistance ribosomal protection proteins","TETW",2365,0,434,478,386,212,261,285,0,0,107,577,0,569,348,351,641,154,0,418,629,873,387,0,141,464,438,533,289,0,0,443,0,478,326,500,0,346,0,468,604,632,464,0,542,509,0,591,863,0,437,167,391,173,0,0,0,0,2244,325,0,441,418,0,0,450,359,0,166,455,463,0,612,695,0,157,142,0,0,155,378,444,422,494,469,0,581,0,0,904,390,302,444,0,0,59,512,161,0,51
"MEG_7214|Drugs|Tetracyclines|Tetracycline_resistance_ribosomal_protection_proteins|TETW","Tetracyclines","Tetracycline resistance ribosomal protection proteins","TETW",1643,0,205,315,135,78,90,117,0,0,54,290,0,185,150,78,297,68,0,247,475,594,151,0,85,154,123,261,183,0,0,171,0,156,109,194,0,132,0,201,415,218,285,0,294,210,0,237,1207,0,268,93,105,77,0,0,0,0,1475,126,0,185,189,0,0,167,103,0,97,217,174,0,246,177,0,121,58,0,0,97,214,179,287,186,239,0,523,0,0,288,116,104,179,0,0,0,161,88,0,38
"MEG_7215|Drugs|Tetracyclines|Tetracycline_resistance_ribosomal_protection_proteins|TETW","Tetracyclines","Tetracycline resistance ribosomal protection proteins","TETW",1725,0,226,372,146,104,109,94,0,0,38,268,0,221,224,88,371,91,0,288,532,608,182,0,95,170,167,324,203,0,0,160,0,188,112,204,0,143,0,215,430,211,302,0,294,211,0,250,1061,0,313,110,119,83,0,0,0,0,1488,101,0,186,187,0,0,170,127,0,118,205,184,0,266,195,0,132,45,0,0,103,219,177,300,163,258,0,542,0,0,335,152,89,177,0,0,0,185,97,0,0
"MEG_7216|Drugs|Tetracyclines|Tetracycline_resistance_ribosomal_protection_proteins|TETW","Tetracyclines","Tetracycline resistance ribosomal protection proteins","TETW",1967,0,241,362,191,99,153,129,0,0,88,333,0,281,164,111,376,76,0,310,525,708,214,0,107,245,250,358,195,0,0,216,0,230,187,265,0,175,0,230,510,325,352,0,495,265,0,306,1379,0,366,95,200,95,0,0,0,0,1727,185,0,242,238,0,0,209,159,0,119,267,199,0,338,249,0,123,94,0,0,78,257,251,315,240,317,0,558,0,0,390,182,177,251,0,0,0,227,113,0,0
"MEG_7217|Drugs|Tetracyclines|Tetracycline_resistance_ribosomal_protection_proteins|TETW","Tetracyclines","Tetracycline resistance ribosomal protection proteins","TETW",1633,0,203,421,144,114,127,91,0,0,50,228,0,251,218,125,397,100,0,295,478,602,140,0,88,161,148,310,186,0,0,157,0,172,111,228,0,143,0,270,478,222,305,0,302,200,0,235,1330,0,328,79,119,95,0,0,0,0,1445,100,0,193,199,0,0,186,82,0,59,213,169,0,290,186,0,96,38,0,0,71,216,180,326,194,287,0,515,0,0,332,141,102,180,0,0,0,180,125,0,0
"MEG_7218|Drugs|Tetracyclines|Tetracycline_resistance_ribosomal_protection_proteins|TETW","Tetracyclines","Tetracycline resistance ribosomal protection proteins","TETW",1498,0,123,197,89,97,81,76,0,0,0,466,0,146,108,52,509,44,0,133,468,672,96,0,97,173,83,357,210,0,0,97,0,96,95,98,0,100,0,212,333,109,2021,0,437,148,0,172,574,0,508,82,99,93,0,0,0,0,1406,116,0,122,114,0,0,126,94,0,95,200,106,0,201,105,0,136,70,0,0,75,556,121,200,130,393,0,496,0,0,191,83,0,121,0,0,0,142,99,0,0
"MEG_7219|Drugs|Tetracyclines|Tetracycline_resistance_ribosomal_protection_proteins|TETW","Tetracyclines","Tetracycline resistance ribosomal protection proteins","TETW",3117,0,572,520,602,264,451,444,0,0,183,835,0,878,455,553,890,198,0,522,802,1093,673,0,236,721,698,601,332,0,0,687,0,768,609,618,0,503,0,606,643,957,641,0,591,894,0,982,824,0,592,211,731,220,0,0,0,0,2798,507,0,753,723,0,27,619,575,0,257,728,642,39,963,978,0,237,214,53,0,216,574,658,583,913,716,0,833,0,219,1134,613,429,658,0,0,56,857,266,0,0
"MEG_7220|Drugs|Tetracyclines|Tetracycline_resistance_ribosomal_protection_proteins|TETW","Tetracyclines","Tetracycline resistance ribosomal protection proteins","TETW",3190,0,645,578,721,258,466,480,0,0,210,994,0,1032,472,699,968,231,0,551,762,1002,775,0,222,685,773,695,368,0,0,771,0,841,739,783,44,582,0,667,711,1119,775,0,537,1051,0,1044,1025,0,683,220,769,256,0,0,56,0,2860,607,0,829,772,0,44,760,670,0,244,957,801,0,1030,1298,0,270,202,37,0,312,581,691,577,972,738,0,831,0,247,1312,672,451,691,0,0,46,957,299,0,0
"MEG_7221|Drugs|Tetracyclines|Tetracycline_resistance_ribosomal_protection_proteins|TETW","Tetracyclines","Tetracycline resistance ribosomal protection proteins","TETW",3116,0,586,518,573,223,410,453,0,0,178,860,0,875,495,537,837,242,0,488,719,941,652,0,231,698,721,607,335,0,0,669,0,731,645,667,33,564,0,566,624,985,632,0,505,850,0,997,930,0,629,244,655,192,0,0,38,0,2771,525,0,702,729,0,0,631,574,46,241,765,696,0,900,1014,0,217,187,39,0,216,532,655,534,886,596,0,756,0,173,1073,558,399,655,0,0,0,782,250,0,0
"MEG_7222|Drugs|Tetracyclines|Tetracycline_resistance_ribosomal_protection_proteins|TETW","Tetracyclines","Tetracycline resistance ribosomal protection proteins","TETW",3154,0,608,523,585,237,393,472,0,0,173,794,0,843,474,573,859,234,0,475,787,977,602,0,207,699,746,632,295,0,0,708,0,696,606,634,49,482,0,569,610,943,619,0,540,865,0,996,903,0,584,213,690,223,0,0,0,0,2790,560,0,744,688,0,0,602,577,0,256,733,647,0,880,1006,0,231,171,33,0,241,536,641,538,818,640,0,802,39,223,1085,601,446,641,0,0,57,782,278,0,29
"MEG_7223|Drugs|Tetracyclines|Tetracycline_resistance_ribosomal_protection_proteins|TETW","Tetracyclines","Tetracycline resistance ribosomal protection proteins","TETW",2322,0,320,390,308,146,247,267,0,0,107,458,0,479,251,259,506,113,0,376,617,765,345,0,120,356,379,376,235,0,0,376,0,326,302,325,0,277,0,316,373,446,473,0,393,430,0,543,768,0,339,117,339,132,0,0,0,0,2063,258,0,363,345,0,0,314,263,0,142,393,335,0,426,458,0,195,102,0,0,117,340,392,294,411,383,0,654,0,240,578,329,232,392,0,0,0,428,188,0,0
"MEG_7224|Drugs|Tetracyclines|Tetracycline_resistance_ribosomal_protection_proteins|TETW","Tetracyclines","Tetracycline resistance ribosomal protection proteins","TETW",1696,0,228,414,189,83,129,152,0,0,54,299,0,299,234,121,473,112,0,343,478,673,173,0,77,165,180,403,221,0,0,202,0,211,179,256,0,183,0,304,558,283,368,0,311,250,0,311,2078,0,367,85,156,101,0,0,0,0,1522,158,0,184,187,0,0,193,138,0,92,258,194,0,381,279,0,130,65,0,0,104,237,203,399,236,250,0,555,0,0,352,209,132,203,0,0,0,196,112,0,0
"MEG_7225|Drugs|Tetracyclines|Tetracycline_resistance_ribosomal_protection_proteins|TETW","Tetracyclines","Tetracycline resistance ribosomal protection proteins","TETW",2922,0,281,305,211,222,134,112,0,0,63,644,0,353,160,84,336,81,0,256,774,670,165,0,216,202,197,404,204,0,0,196,0,237,175,242,0,172,0,212,342,265,531,0,359,222,0,362,1168,0,387,222,172,242,0,0,0,0,2857,94,0,214,205,0,0,290,183,0,224,413,205,0,247,260,0,161,124,0,0,212,261,189,567,328,300,0,752,0,0,303,184,114,189,0,0,0,255,234,0,0
"MEG_7226|Drugs|Tetracyclines|Tetracycline_resistance_ribosomal_protection_proteins|TETW","Tetracyclines","Tetracycline resistance ribosomal protection proteins","TETW",3695,0,123,290,109,202,115,102,0,0,75,122,0,108,99,89,338,56,0,115,965,303,55,0,171,105,78,506,56,0,0,55,0,103,82,173,0,97,0,637,379,51,626,0,0,59,0,118,325,0,127,214,94,208,0,0,0,0,3387,100,0,120,64,0,0,744,91,0,218,226,264,0,149,82,0,59,72,0,0,201,447,99,664,168,205,0,958,0,0,217,121,45,99,0,0,0,176,253,0,0
"MEG_7227|Drugs|Tetracyclines|Tetracycline_resistance_ribosomal_protection_proteins|TETW","Tetracyclines","Tetracycline resistance ribosomal protection proteins","TETW",3142,0,711,632,678,272,486,485,0,0,224,1031,0,1045,502,652,1033,240,0,616,810,1100,775,0,260,733,774,697,369,0,0,798,0,836,720,778,41,612,0,683,673,1178,751,0,587,994,0,1156,1046,0,648,298,799,281,0,0,0,0,2880,560,36,798,841,0,43,740,673,49,255,842,717,0,1095,1274,0,290,244,51,0,251,608,700,615,1021,754,0,793,0,251,1240,642,500,700,0,0,51,981,283,0,0
"MEG_7228|Drugs|Tetracyclines|Tetracycline_resistance_ribosomal_protection_proteins|TETW","Tetracyclines","Tetracycline resistance ribosomal protection proteins","TETW",2276,0,194,234,130,114,118,129,0,0,52,307,0,220,114,82,248,0,0,176,622,334,181,0,122,197,191,375,191,0,0,163,0,152,128,140,0,151,0,149,239,223,256,0,0,205,0,258,539,0,164,93,169,97,0,0,0,0,1955,139,0,203,166,0,0,158,116,0,99,177,167,0,151,164,0,68,61,0,0,110,252,223,196,197,218,0,634,0,0,315,117,94,223,0,0,0,191,130,0,0
"MEG_7229|Drugs|Tetracyclines|Tetracycline_resistance_ribosomal_protection_proteins|TETW","Tetracyclines","Tetracycline resistance ribosomal protection proteins","TETW",4570,0,1196,1256,1314,441,886,878,0,0,341,1466,0,1863,1013,1279,2015,475,0,1127,938,1543,1362,0,389,1221,1492,1527,1097,0,0,1490,0,1468,1336,1319,64,991,0,1169,1595,1905,1398,0,625,1930,0,2015,2582,0,1317,376,1419,388,0,0,87,0,4100,1019,0,1410,1422,0,64,1303,1138,60,337,1686,1359,0,2080,2334,0,440,419,70,0,449,1239,1244,1337,1754,1457,0,988,0,284,2259,1182,837,1244,0,0,88,1709,448,0,122
"MEG_7230|Drugs|Tetracyclines|Tetracycline_resistance_ribosomal_protection_proteins|TETW","Tetracyclines","Tetracycline resistance ribosomal protection proteins","TETW",2118,0,289,384,332,136,198,256,0,0,113,517,0,442,305,211,454,137,0,360,605,660,282,0,148,342,367,352,229,0,0,333,0,351,296,335,0,269,0,267,316,517,434,0,348,424,0,519,647,0,354,129,310,86,0,0,0,0,1990,260,0,335,392,0,0,325,268,28,141,399,347,0,454,460,0,160,81,0,0,114,305,378,270,400,402,0,623,0,226,511,290,209,378,0,0,0,418,148,0,0
"MEG_7231|Drugs|Tetracyclines|Tetracycline_resistance_ribosomal_protection_proteins|TETW","Tetracyclines","Tetracycline resistance ribosomal protection proteins","TETW",2971,0,636,503,619,229,415,477,0,0,169,905,0,871,421,580,862,192,0,520,743,998,622,0,274,672,756,585,313,0,0,703,0,765,597,638,0,526,0,579,667,945,705,0,562,943,0,976,937,0,555,223,696,207,0,0,0,0,2794,516,0,707,650,0,49,687,598,0,246,732,648,0,931,965,0,222,166,0,0,215,530,640,524,876,655,0,762,0,134,1078,577,428,640,0,0,38,817,257,0,0
"MEG_7232|Drugs|Tetracyclines|Tetracycline_resistance_ribosomal_protection_proteins|TETW","Tetracyclines","Tetracycline resistance ribosomal protection proteins","TETW",2883,0,0,119,115,186,0,0,0,0,0,345,0,192,67,0,80,0,0,110,710,0,168,0,202,164,115,0,0,0,0,99,0,210,56,124,0,179,0,0,0,112,0,0,0,0,0,196,0,0,0,193,126,173,0,0,0,0,2929,74,0,164,113,0,0,180,147,0,215,175,175,0,0,146,0,0,0,0,0,164,0,0,0,194,0,0,773,0,0,0,0,0,0,0,0,0,189,227,0,0
"MEG_7233|Drugs|Tetracyclines|Tetracycline_resistance_ribosomal_protection_proteins|TETW","Tetracyclines","Tetracycline resistance ribosomal protection proteins","TETW",3125,0,566,529,593,244,399,445,0,0,183,808,0,942,449,607,875,210,0,465,779,984,594,0,238,684,718,603,344,0,0,675,0,760,649,625,53,528,0,632,662,934,712,0,523,843,0,989,904,0,609,204,657,225,0,0,40,0,2756,550,0,683,697,0,0,674,582,43,216,733,681,0,904,982,0,257,174,61,0,199,504,623,571,855,629,0,805,0,249,1129,540,392,623,0,0,38,825,279,0,0
"MEG_7234|Drugs|Tetracyclines|Tetracycline_resistance_ribosomal_protection_proteins|TETW","Tetracyclines","Tetracycline resistance ribosomal protection proteins","TETW",771,0,0,0,0,0,0,0,0,0,0,0,0,0,0,0,0,0,0,0,0,0,0,0,0,0,0,0,0,0,0,0,0,0,0,0,0,0,0,0,0,0,0,0,0,0,0,0,0,0,0,0,0,0,0,0,0,0,0,0,0,0,0,0,0,0,0,0,0,0,0,0,0,0,0,0,0,0,0,0,0,0,0,0,0,0,0,0,0,0,0,0,0,0,0,0,0,0,0,0
"MEG_7235|Drugs|Tetracyclines|Tetracycline_resistance_ribosomal_protection_proteins|TETW","Tetracyclines","Tetracycline resistance ribosomal protection proteins","TETW",0,0,0,0,0,0,0,0,0,0,0,125,0,0,0,0,0,0,0,0,0,0,0,0,0,0,0,0,0,0,0,0,0,0,0,0,0,0,0,0,0,0,0,0,0,0,0,0,0,0,0,0,0,0,0,0,0,0,699,0,0,0,0,0,0,0,0,0,0,0,0,0,0,0,0,0,0,0,0,0,0,0,0,0,0,0,0,0,0,0,0,0,0,0,0,0,0,0,0,0
"MEG_7236|Drugs|Tetracyclines|Tetracycline_resistance_ribosomal_protection_proteins|TETW","Tetracyclines","Tetracycline resistance ribosomal protection proteins","TETW",0,0,0,0,0,0,0,0,0,0,0,0,0,0,0,0,0,0,0,0,0,0,0,0,0,0,0,0,0,0,0,0,0,0,0,0,0,0,0,0,0,0,0,0,0,0,0,0,0,0,0,0,0,0,0,0,0,0,730,0,0,0,0,0,0,0,0,0,0,0,0,0,0,0,0,0,0,0,0,0,0,0,0,0,0,0,0,0,0,0,0,0,0,0,0,0,0,0,0,0
"MEG_7237|Drugs|Tetracyclines|Tetracycline_resistance_ribosomal_protection_proteins|TETW","Tetracyclines","Tetracycline resistance ribosomal protection proteins","TETW",728,0,0,0,0,0,0,0,0,0,0,0,0,0,0,0,0,0,0,0,0,0,0,0,0,0,0,0,0,0,0,69,0,0,0,0,0,0,0,0,0,0,0,0,0,0,0,0,0,0,0,0,0,0,0,0,0,0,586,0,0,0,0,0,0,0,0,0,0,92,0,0,0,0,0,0,0,0,0,0,0,0,0,0,0,0,0,0,0,0,0,0,0,0,0,0,0,0,0,0
"MEG_7238|Drugs|Tetracyclines|Tetracycline_inactivation_enzymes|TETX","Tetracyclines","Tetracycline inactivation enzymes","TETX",0,0,0,0,0,0,0,0,0,0,0,0,0,0,0,0,0,0,0,0,0,0,0,0,0,0,0,39,0,0,0,0,0,0,0,0,0,0,0,0,0,0,0,0,0,0,0,0,0,0,0,0,0,0,0,0,0,0,0,0,0,0,0,0,0,0,0,0,0,0,0,0,0,0,0,0,0,0,0,0,0,0,0,0,0,0,0,0,0,0,0,0,0,0,0,0,0,0,0,0
"MEG_7240|Drugs|Tetracyclines|Tetracycline_inactivation_enzymes|TETX","Tetracyclines","Tetracycline inactivation enzymes","TETX",0,0,0,0,0,0,0,0,0,0,0,0,0,0,0,0,0,0,0,0,0,0,0,0,0,0,0,39,31,0,0,0,0,0,0,0,0,0,0,0,0,0,0,0,0,0,0,0,0,0,0,0,0,0,0,0,0,0,0,0,0,0,0,0,0,0,0,0,0,0,0,0,0,0,0,0,0,0,0,0,0,0,0,0,0,0,0,0,0,0,0,0,0,0,0,0,0,0,0,0
"MEG_7328|Drugs|Cationic_antimicrobial_peptides|Lipid_A_modification|UGD","Cationic antimicrobial peptides","Lipid A modification","UGD",0,0,0,0,0,0,0,0,0,0,0,0,0,0,0,0,0,0,0,0,0,0,0,0,0,0,0,0,0,0,0,0,0,0,0,0,0,0,0,0,0,0,0,0,0,0,0,0,0,0,0,0,0,0,0,0,0,745,0,0,0,0,0,0,0,0,0,0,0,0,0,0,0,0,0,0,0,0,0,0,0,0,0,0,0,0,0,0,0,0,0,0,0,0,0,0,0,0,0,0
"MEG_7396|Drugs|Glycopeptides|VanG-type_resistance_protein|VANG","Glycopeptides","VanG-type resistance protein","VANG",0,0,0,0,0,0,0,0,0,0,0,0,0,0,0,0,0,0,0,0,0,0,0,0,0,0,0,0,0,0,0,0,0,0,0,0,0,0,0,0,0,0,48,0,0,0,0,0,0,0,0,0,0,0,0,0,0,0,0,0,0,0,0,0,0,0,0,0,0,0,0,0,0,0,0,0,0,0,0,0,0,0,0,0,0,0,0,0,0,0,0,0,0,0,0,0,0,0,0,0
"MEG_7532|Drugs|Glycopeptides|VanG-type_resistance_protein|VANTG","Glycopeptides","VanG-type resistance protein","VANTG",0,0,0,0,0,0,0,0,0,0,0,0,0,0,0,0,0,0,0,0,0,78,0,0,0,0,0,77,0,0,0,0,0,0,0,0,0,0,0,20,44,0,173,0,0,0,0,0,0,0,0,0,0,0,0,0,0,0,0,0,0,0,0,0,0,0,0,0,0,0,0,0,0,0,0,0,0,0,0,0,0,0,86,0,101,0,0,0,0,0,0,0,0,0,0,0,0,0,0,0
"MEG_7588|Drugs|Glycopeptides|VanG-type_resistance_protein|VANXYG","Glycopeptides","VanG-type resistance protein","VANXYG",0,0,0,0,0,0,0,0,0,0,0,0,0,0,0,0,0,0,0,0,0,0,0,0,0,0,0,0,0,0,0,0,0,0,0,0,0,0,0,0,0,0,0,0,0,0,0,0,0,0,0,0,0,0,0,0,0,0,0,0,0,0,0,0,0,0,0,0,0,0,0,0,0,0,0,0,0,0,0,0,0,0,0,0,11,0,0,0,0,0,0,0,0,0,0,0,0,0,0,0
"MEG_7598|Drugs|Glycopeptides|VanD-type_accessory_protein|VANYB","Glycopeptides","VanD-type accessory protein","VANYB",0,0,0,0,0,0,0,0,0,0,0,0,0,0,0,0,0,0,0,0,0,0,0,0,0,0,0,0,0,0,0,0,0,0,0,0,0,0,0,0,0,0,10,0,0,0,0,0,0,0,0,0,0,0,0,0,0,0,0,0,0,0,0,0,0,0,0,0,0,0,0,0,0,0,0,0,0,0,0,0,0,0,0,0,7,0,0,0,0,0,0,0,0,0,0,0,0,0,0,0
"MEG_75|Drugs|Aminoglycosides|Aminoglycoside_N-acetyltransferases|AAC6-PRIME","Aminoglycosides","Aminoglycoside N-acetyltransferases","AAC6-PRIME",0,0,0,0,0,0,0,0,0,0,0,0,0,0,0,0,0,0,0,0,0,0,0,0,0,0,0,0,0,0,0,0,0,0,0,0,0,0,0,0,0,0,0,0,0,0,0,0,0,0,0,0,0,0,0,0,0,0,0,0,0,0,0,0,0,0,0,0,0,0,0,0,0,0,0,0,0,0,0,0,0,0,0,0,0,0,0,0,0,0,0,0,0,0,0,0,0,0,0,724
"MEG_7831|Multi-compound|Biocide_and_metal_resistance|Biocide_and_metal_resistance_protein|YGIW","Biocide and metal resistance","Biocide and metal resistance protein","YGIW",0,0,0,0,0,0,0,0,0,0,0,0,0,0,0,0,0,0,0,0,0,0,0,0,0,0,0,0,0,0,0,0,0,0,0,0,0,0,0,0,0,0,0,0,0,0,0,0,0,0,0,0,0,0,0,0,0,17,0,0,0,0,0,0,0,0,0,0,0,0,0,0,0,0,0,0,0,0,0,0,0,0,0,0,0,0,0,0,0,0,0,0,0,0,0,0,0,0,0,0
"MEG_7842|Multi-compound|Drug_and_biocide_resistance|Drug_and_biocide_ABC_efflux_pumps|YOGI","Drug and biocide resistance","Drug and biocide ABC efflux pumps","YOGI",0,0,0,0,0,0,0,0,0,0,0,0,0,0,0,0,0,0,0,0,0,0,0,0,0,0,0,0,0,0,0,0,0,0,0,0,0,0,0,0,0,0,0,0,0,0,0,0,0,0,0,0,0,0,0,0,0,162,0,0,0,0,0,0,0,0,0,0,0,0,0,0,0,0,0,0,0,0,0,0,0,0,0,0,0,0,0,0,0,0,0,0,0,0,0,0,0,0,0,0
"MEG_7849|Metals|Multi-metal_resistance|Multi-metal_resistance_protein|ZINT","Multi-metal resistance","Multi-metal resistance protein","ZINT",0,0,0,0,0,0,0,0,0,0,0,0,0,0,0,0,0,0,0,0,0,0,0,0,0,0,0,0,0,0,0,0,0,0,0,0,0,0,0,0,0,0,0,0,0,0,0,0,0,0,0,0,0,0,0,0,0,196,0,0,0,0,0,0,0,0,0,0,0,0,0,0,0,0,0,0,0,0,0,0,0,0,0,0,0,0,0,0,0,0,0,0,0,0,0,0,0,0,0,0
"MEG_7852|Metals|Zinc_resistance|Zinc_resistance_protein|ZNEB","Zinc resistance","Zinc resistance protein","ZNEB",0,0,0,0,0,0,0,0,0,0,0,0,0,0,0,0,0,0,0,0,0,288,0,0,0,0,0,0,0,0,0,0,0,0,0,0,0,0,0,0,0,0,0,0,0,0,0,0,0,0,0,0,0,0,0,0,0,0,0,0,0,0,0,0,0,0,0,0,0,0,0,0,0,0,0,0,0,0,0,0,0,0,0,0,0,0,0,0,0,0,0,0,0,0,0,0,0,0,0,0
"MEG_88|Drugs|Aminoglycosides|Aminoglycoside_N-acetyltransferases|AAC6-PRIME","Aminoglycosides","Aminoglycoside N-acetyltransferases","AAC6-PRIME",0,0,0,0,0,0,0,0,0,0,0,0,0,0,0,0,0,0,0,0,0,0,0,0,0,0,0,0,0,0,0,0,0,0,0,0,0,0,0,0,0,0,0,0,0,0,0,0,0,0,0,0,0,0,0,0,0,2808,0,0,0,0,0,0,0,0,0,0,0,0,0,0,0,0,0,0,0,0,0,0,0,0,0,0,0,0,0,0,0,0,0,0,0,0,0,0,0,0,0,3642
"MEG_986|Drugs|Aminoglycosides|Aminoglycoside_O-nucleotidyltransferases|ANT6","Aminoglycosides","Aminoglycoside O-nucleotidyltransferases","ANT6",0,0,0,0,0,0,0,0,0,0,0,0,0,0,0,0,11,0,0,0,0,0,0,0,0,0,0,8,25,0,0,0,0,0,0,0,0,0,0,0,67,0,0,0,0,0,0,0,44,0,0,0,0,0,0,0,0,0,0,0,0,0,0,0,0,0,0,0,0,64,0,0,0,0,0,0,0,0,0,0,122,0,0,0,51,0,0,0,0,0,0,0,0,0,0,0,0,0,0,0
"MEG_988|Drugs|Aminoglycosides|Aminoglycoside_O-nucleotidyltransferases|ANT6","Aminoglycosides","Aminoglycoside O-nucleotidyltransferases","ANT6",1591,0,121,192,65,49,65,41,0,0,53,677,0,194,37,60,161,18,29,36,459,0,50,0,46,76,37,298,909,0,0,50,0,96,74,62,0,53,0,27,94,117,251,0,0,89,12,64,442,0,146,58,57,57,0,0,85,0,1394,68,0,100,46,0,51,88,85,39,55,43,94,68,66,60,0,0,34,154,41,67,95,45,33,63,246,0,515,0,74,116,103,48,45,0,0,0,139,68,0,608
"MEG_994|Drugs|Aminoglycosides|Aminoglycoside_O-nucleotidyltransferases|ANT6","Aminoglycosides","Aminoglycoside O-nucleotidyltransferases","ANT6",0,0,0,37,0,0,0,0,0,0,0,0,0,0,0,0,26,0,0,0,0,0,0,0,0,0,0,22,24,0,0,0,0,0,0,0,0,0,0,0,111,0,0,0,0,0,0,0,66,0,0,0,0,0,0,0,0,0,0,0,0,0,0,0,0,0,0,0,0,75,0,0,0,0,0,0,0,0,0,0,157,0,0,0,87,0,0,0,0,0,0,0,0,0,0,0,0,0,0,0
"MEG_996|Drugs|Aminoglycosides|Aminoglycoside_O-nucleotidyltransferases|ANT6","Aminoglycosides","Aminoglycoside O-nucleotidyltransferases","ANT6",0,0,0,15,0,0,0,0,0,0,0,0,0,0,0,0,16,0,0,0,0,0,0,0,0,0,0,0,22,0,0,0,0,0,0,0,0,0,0,0,80,0,0,0,0,0,0,0,38,0,0,0,0,0,0,0,0,0,0,0,0,0,0,0,0,0,0,0,0,36,0,0,0,0,0,0,0,0,0,0,130,0,0,0,72,0,0,0,0,0,0,0,0,0,0,0,0,0,0,0
"MEG_997|Drugs|Aminoglycosides|Aminoglycoside_O-nucleotidyltransferases|ANT6","Aminoglycosides","Aminoglycoside O-nucleotidyltransferases","ANT6",107,0,40,0,0,0,0,16,0,0,0,85,0,0,0,11,0,0,0,0,0,0,0,0,0,0,13,0,38,0,0,0,0,0,0,14,0,0,0,14,0,0,0,0,0,0,0,18,0,0,0,0,0,0,0,0,0,0,126,0,0,17,0,0,0,0,19,0,0,0,17,0,0,16,0,0,0,0,0,0,0,0,30,20,0,0,0,0,0,0,18,0,0,0,0,0,14,0,0,0
